序,代码,名称,总股本,流通股本
1,600000,浦发银行,216亿,205亿
2,600001,邯郸钢铁,0,0
3,600002,齐鲁石化,0,0
4,600003,ST东北高,0,0
5,600004,白云机场,11.5亿,11.5亿
6,600005,武钢股份,101亿,101亿
7,600006,东风汽车,20.0亿,20.0亿
8,600007,中国国贸,10.1亿,10.1亿
9,600008,首创股份,48.2亿,48.2亿
10,600009,上海机场,19.3亿,10.9亿
11,600010,包钢股份,326亿,157亿
12,600011,华能国际,152亿,105亿
13,600012,皖通高速,16.6亿,11.7亿
14,600015,华夏银行,107亿,107亿
15,600016,民生银行,365亿,296亿
16,600017,日照港,30.8亿,30.8亿
17,600018,上港集团,232亿,228亿
18,600019,宝钢股份,165亿,164亿
19,600020,中原高速,22.5亿,22.5亿
20,600021,上海电力,21.4亿,21.4亿
21,600022,山东钢铁,84.2亿,82.2亿
22,600023,浙能电力,136亿,29.9亿
23,600026,中海发展,40.3亿,27.4亿
24,600027,华电国际,98.6亿,67.8亿
25,600028,中国石化,1211亿,956亿
26,600029,南方航空,98.2亿,70.2亿
27,600030,中信证券,121亿,98.1亿
28,600031,三一重工,76.1亿,75.9亿
29,600033,福建高速,27.4亿,27.4亿
30,600035,楚天高速,14.5亿,14.5亿
31,600036,招商银行,252亿,206亿
32,600037,歌华有线,13.9亿,11.7亿
33,600038,中直股份,5.89亿,3.93亿
34,600039,四川路桥,30.2亿,30.2亿
35,600048,保利地产,119亿,108亿
36,600050,中国联通,212亿,212亿
37,600051,宁波联合,3.11亿,3.06亿
38,600052,浙江广厦,8.72亿,8.72亿
39,600053,九鼎投资,4.34亿,4.34亿
40,600054,黄山旅游,7.47亿,2.17亿
41,600055,华润万东,3.86亿,3.46亿
42,600056,中国医药,10.1亿,10.1亿
43,600057,象屿股份,11.7亿,9.83亿
44,600058,五矿发展,10.7亿,10.7亿
45,600059,古越龙山,8.09亿,8.09亿
46,600060,海信电器,13.1亿,13.1亿
47,600061,国投安信,36.9亿,19.6亿
48,600062,华润双鹤,7.24亿,5.72亿
49,600063,皖维高新,16.5亿,15.2亿
50,600064,南京高科,7.72亿,7.72亿
51,600065,*ST联谊,0,0
52,600066,宇通客车,22.1亿,19.0亿
53,600067,冠城大通,14.9亿,14.9亿
54,600068,葛洲坝,46.0亿,41.5亿
55,600069,银鸽投资,12.5亿,8.25亿
56,600070,浙江富润,3.57亿,3.57亿
57,600071,凤凰光学,2.37亿,2.37亿
58,600072,钢构工程,4.78亿,4.78亿
59,600073,上海梅林,9.38亿,9.38亿
60,600074,保千里,24.4亿,8.96亿
61,600075,新疆天业,6.95亿,4.39亿
62,600076,康欣新材,10.3亿,3.66亿
63,600077,宋都股份,13.4亿,13.4亿
64,600078,澄星股份,6.63亿,6.63亿
65,600079,人福医药,12.9亿,10.6亿
66,600080,金花股份,3.05亿,3.05亿
67,600081,东风科技,3.14亿,3.14亿
68,600082,海泰发展,6.46亿,6.32亿
69,600083,博信股份,2.30亿,2.27亿
70,600084,中葡股份,11.2亿,9.98亿
71,600085,同仁堂,13.7亿,13.7亿
72,600086,东方金钰,13.5亿,10.6亿
73,600087,退市长油,0,0
74,600088,中视传媒,3.31亿,3.31亿
75,600089,特变电工,32.4亿,32.0亿
76,600090,同济堂,14.4亿,3.68亿
77,600091,ST明科,4.37亿,3.37亿
78,600092,S*ST精密,0,0
79,600093,禾嘉股份,11.2亿,3.22亿
80,600094,大名城,20.1亿,18.1亿
81,600095,哈高科,3.61亿,3.61亿
82,600096,云天化,13.2亿,11.2亿
83,600097,开创国际,2.03亿,2.03亿
84,600098,广州发展,27.3亿,27.3亿
85,600099,林海股份,2.19亿,2.19亿
86,600100,同方股份,29.6亿,22.0亿
87,600101,明星电力,3.24亿,3.24亿
88,600102,莱钢股份,0,0
89,600103,青山纸业,10.6亿,10.6亿
90,600104,上汽集团,110亿,110亿
91,600105,永鼎股份,9.45亿,7.62亿
92,600106,重庆路桥,9.08亿,9.08亿
93,600107,美尔雅,3.60亿,3.60亿
94,600108,亚盛集团,19.5亿,19.5亿
95,600109,国金证券,30.2亿,30.2亿
96,600110,诺德股份,11.5亿,11.5亿
97,600111,北方稀土,36.3亿,36.3亿
98,600112,天成控股,5.09亿,5.09亿
99,600113,浙江东日,3.19亿,3.19亿
100,600114,东睦股份,3.91亿,3.81亿
101,600115,东方航空,145亿,84.8亿
102,600116,三峡水利,9.93亿,8.88亿
103,600117,西宁特钢,7.41亿,7.41亿
104,600118,中国卫星,11.8亿,11.8亿
105,600119,长江投资,3.07亿,3.07亿
106,600120,浙江东方,5.05亿,5.05亿
107,600121,郑州煤电,10.2亿,10.2亿
108,600122,宏图高科,11.5亿,11.5亿
109,600123,兰花科创,11.4亿,11.4亿
110,600125,铁龙物流,13.1亿,13.1亿
111,600126,杭钢股份,26.0亿,8.39亿
112,600127,金健米业,6.42亿,5.44亿
113,600128,弘业股份,2.47亿,2.47亿
114,600129,太极集团,4.27亿,4.27亿
115,600130,波导股份,7.68亿,7.68亿
116,600131,岷江水电,5.04亿,3.97亿
117,600132,重庆啤酒,4.84亿,4.84亿
118,600133,东湖高新,6.34亿,5.38亿
119,600135,乐凯胶片,3.73亿,3.68亿
120,600136,当代明诚,4.87亿,2.41亿
121,600137,浪莎股份,9722万,9722万
122,600138,中青旅,7.24亿,7.03亿
123,600139,西部资源,6.62亿,6.62亿
124,600141,兴发集团,5.12亿,4.80亿
125,600143,金发科技,25.6亿,25.6亿
126,600145,*ST新亿,14.9亿,14.9亿
127,600146,商赢环球,2.00亿,2.00亿
128,600148,长春一东,1.42亿,1.42亿
129,600149,廊坊发展,3.80亿,3.80亿
130,600150,中国船舶,13.8亿,13.8亿
131,600151,航天机电,14.3亿,12.5亿
132,600152,维科精华,2.93亿,2.93亿
133,600153,建发股份,28.4亿,28.4亿
134,600155,宝硕股份,11.9亿,4.13亿
135,600156,华升股份,4.02亿,4.02亿
136,600157,永泰能源,124亿,46.0亿
137,600158,中体产业,8.44亿,6.57亿
138,600159,大龙地产,8.30亿,8.30亿
139,600160,巨化股份,21.1亿,18.1亿
140,600161,天坛生物,5.15亿,5.15亿
141,600162,香江控股,23.9亿,11.5亿
142,600163,中闽能源,9.99亿,7.54亿
143,600165,新日恒力,6.85亿,6.85亿
144,600166,福田汽车,66.7亿,66.7亿
145,600167,联美控股,6.80亿,2.11亿
146,600168,武汉控股,7.10亿,7.10亿
147,600169,太原重工,24.2亿,24.2亿
148,600170,上海建工,71.3亿,69.1亿
149,600171,上海贝岭,6.74亿,6.74亿
150,600172,黄河旋风,7.92亿,6.42亿
151,600173,卧龙地产,7.25亿,7.25亿
152,600175,美都能源,35.8亿,14.5亿
153,600176,中国巨石,24.3亿,19.2亿
154,600177,雅戈尔,25.6亿,22.3亿
155,600178,东安动力,4.62亿,4.62亿
156,600179,*ST黑化,10.6亿,3.90亿
157,600180,瑞茂通,10.2亿,8.82亿
158,600181,S*ST云大,0,0
159,600182,S佳通,3.40亿,1.70亿
160,600183,生益科技,14.4亿,14.4亿
161,600184,光电股份,5.09亿,4.19亿
162,600185,格力地产,20.6亿,16.2亿
163,600186,莲花健康,10.6亿,10.6亿
164,600187,国中水务,14.6亿,14.6亿
165,600188,兖州煤业,49.2亿,29.6亿
166,600189,吉林森工,3.11亿,3.11亿
167,600190,锦州港,20.0亿,13.4亿
168,600191,华资实业,4.85亿,4.85亿
169,600192,长城电工,4.42亿,4.42亿
170,600193,创兴资源,4.25亿,4.25亿
171,600195,中牧股份,4.30亿,4.30亿
172,600196,复星医药,23.1亿,19.1亿
173,600197,伊力特,4.41亿,4.41亿
174,600198,大唐电信,8.82亿,8.39亿
175,600199,金种子酒,5.56亿,5.56亿
176,600200,江苏吴中,6.88亿,5.24亿
177,600201,生物股份,6.13亿,5.69亿
178,600202,哈空调,3.83亿,3.83亿
179,600203,福日电子,4.56亿,3.03亿
180,600205,S山东铝,0,0
181,600206,有研新材,8.39亿,7.08亿
182,600207,安彩高科,8.63亿,6.90亿
183,600208,新湖中宝,86.0亿,76.4亿
184,600209,罗顿发展,4.39亿,4.22亿
185,600210,紫江企业,15.2亿,14.4亿
186,600211,西藏药业,1.46亿,1.14亿
187,600212,*ST江泉,5.12亿,5.12亿
188,600213,亚星客车,2.20亿,2.20亿
189,600215,长春经开,4.65亿,4.65亿
190,600216,浙江医药,9.36亿,9.36亿
191,600217,秦岭水泥,13.4亿,6.92亿
192,600218,全柴动力,3.69亿,3.69亿
193,600219,南山铝业,70.9亿,70.9亿
194,600220,江苏阳光,17.8亿,17.8亿
195,600221,海南航空,168亿,118亿
196,600222,太龙药业,5.74亿,5.19亿
197,600223,鲁商置业,10.0亿,10.0亿
198,600225,天津松江,9.35亿,8.50亿
199,600226,升华拜克,10.9亿,10.9亿
200,600227,赤天化,14.1亿,9.50亿
201,600228,昌九生化,2.41亿,2.41亿
202,600229,城市传媒,7.02亿,4.30亿
203,600230,*ST沧大,2.94亿,2.94亿
204,600231,凌钢股份,25.2亿,16.1亿
205,600232,金鹰股份,3.65亿,3.65亿
206,600233,大杨创世,3.30亿,3.30亿
207,600234,*ST山水,2.02亿,2.02亿
208,600235,民丰特纸,3.51亿,3.51亿
209,600236,桂冠电力,60.6亿,11.3亿
210,600237,铜峰电子,5.64亿,5.64亿
211,600238,海南椰岛,4.48亿,4.45亿
212,600239,云南城投,10.7亿,10.7亿
213,600240,华业资本,14.2亿,14.2亿
214,600241,时代万恒,2.26亿,1.93亿
215,600242,中昌海运,4.18亿,2.67亿
216,600243,青海华鼎,4.39亿,2.37亿
217,600246,万通地产,20.5亿,12.2亿
218,600247,ST成城,3.36亿,3.36亿
219,600248,延长化建,6.16亿,6.08亿
220,600249,两面针,5.50亿,4.50亿
221,600250,南纺股份,2.59亿,2.59亿
222,600251,冠农股份,7.85亿,7.85亿
223,600252,中恒集团,34.8亿,32.8亿
224,600253,天方药业,0,0
225,600255,鑫科材料,17.7亿,17.7亿
226,600256,广汇能源,52.2亿,52.2亿
227,600257,大湖股份,4.27亿,4.27亿
228,600258,首旅酒店,2.31亿,2.31亿
229,600259,广晟有色,2.62亿,2.58亿
230,600260,凯乐科技,6.67亿,5.33亿
231,600261,阳光照明,14.5亿,14.5亿
232,600262,北方股份,1.70亿,1.70亿
233,600263,路桥建设,0,0
234,600265,*ST景谷,1.30亿,1.30亿
235,600266,北京城建,15.7亿,15.2亿
236,600267,海正药业,9.66亿,9.66亿
237,600268,国电南自,6.35亿,6.35亿
238,600269,赣粤高速,23.4亿,23.4亿
239,600270,外运发展,9.05亿,9.05亿
240,600271,航天信息,18.5亿,18.5亿
241,600272,开开实业,2.43亿,1.60亿
242,600273,嘉化能源,13.1亿,5.80亿
243,600275,武昌鱼,5.09亿,5.09亿
244,600276,恒瑞医药,23.5亿,23.4亿
245,600277,亿利洁能,20.9亿,20.9亿
246,600278,东方创业,5.22亿,5.22亿
247,600279,重庆港九,6.93亿,6.93亿
248,600280,中央商场,11.5亿,11.5亿
249,600281,太化股份,5.14亿,5.14亿
250,600282,南钢股份,39.6亿,38.8亿
251,600283,钱江水利,3.53亿,3.36亿
252,600284,浦东建设,6.93亿,6.93亿
253,600285,羚锐制药,5.92亿,5.34亿
254,600286,S*ST国瓷,0,0
255,600287,江苏舜天,4.37亿,4.37亿
256,600288,大恒科技,4.37亿,4.37亿
257,600289,亿阳信通,5.66亿,5.66亿
258,600290,华仪电气,7.60亿,5.27亿
259,600291,西水股份,10.9亿,3.84亿
260,600292,远达环保,7.81亿,7.81亿
261,600293,三峡新材,7.75亿,3.45亿
262,600295,鄂尔多斯,10.3亿,6.12亿
263,600296,S兰铝,0,0
264,600297,广汇汽车,55.0亿,18.4亿
265,600298,安琪酵母,8.24亿,8.11亿
266,600299,安迪苏,26.8亿,5.23亿
267,600300,维维股份,16.7亿,16.7亿
268,600301,*ST南化,2.35亿,2.35亿
269,600302,标准股份,3.46亿,3.46亿
270,600303,曙光股份,6.76亿,5.75亿
271,600305,恒顺醋业,6.03亿,6.03亿
272,600306,*ST商城,1.78亿,1.77亿
273,600307,酒钢宏兴,62.6亿,62.6亿
274,600308,华泰股份,11.7亿,11.7亿
275,600309,万华化学,21.6亿,21.6亿
276,600310,桂东电力,8.28亿,8.28亿
277,600311,荣华实业,6.66亿,6.66亿
278,600312,平高电气,11.4亿,8.19亿
279,600313,农发种业,10.8亿,9.18亿
280,600315,上海家化,6.74亿,6.71亿
281,600316,洪都航空,7.17亿,7.17亿
282,600317,营口港,64.7亿,64.7亿
283,600318,新力金融,2.42亿,2.42亿
284,600319,*ST亚星,3.16亿,3.16亿
285,600320,振华重工,43.9亿,27.7亿
286,600321,国栋建设,15.1亿,11.8亿
287,600322,天房发展,11.1亿,11.1亿
288,600323,瀚蓝环境,7.66亿,6.29亿
289,600325,华发股份,11.7亿,8.17亿
290,600326,西藏天路,6.66亿,5.47亿
291,600327,大东方,5.67亿,5.22亿
292,600328,兰太实业,4.38亿,3.59亿
293,600329,中新药业,7.69亿,5.66亿
294,600330,天通股份,8.30亿,7.60亿
295,600331,宏达股份,20.3亿,10.3亿
296,600332,白云山,16.3亿,10.4亿
297,600333,长春燃气,5.30亿,5.30亿
298,600335,国机汽车,10.3亿,8.62亿
299,600336,澳柯玛,6.82亿,6.80亿
300,600337,美克家居,6.45亿,6.45亿
301,600338,西藏珠峰,6.53亿,1.58亿
302,600339,*ST天利,5.78亿,5.78亿
303,600340,华夏幸福,29.5亿,26.5亿
304,600343,航天动力,6.38亿,6.38亿
305,600345,长江通信,1.98亿,1.98亿
306,600346,*ST橡塑,28.3亿,6.68亿
307,600348,阳泉煤业,24.1亿,24.1亿
308,600349,富通昭和,1.19亿,0
309,600350,山东高速,48.1亿,48.1亿
310,600351,亚宝药业,7.87亿,6.92亿
311,600352,浙江龙盛,32.5亿,30.6亿
312,600353,旭光股份,5.44亿,5.44亿
313,600354,敦煌种业,5.28亿,4.48亿
314,600355,精伦电子,4.92亿,4.92亿
315,600356,恒丰纸业,2.99亿,2.99亿
316,600357,承德钒钛,0,0
317,600358,国旅联合,5.05亿,4.32亿
318,600359,新农开发,3.82亿,3.82亿
319,600360,华微电子,7.38亿,7.38亿
320,600361,华联综超,6.66亿,6.66亿
321,600362,江西铜业,34.6亿,20.8亿
322,600363,联创光电,4.43亿,4.43亿
323,600365,通葡股份,4.00亿,4.00亿
324,600366,宁波韵升,5.57亿,5.21亿
325,600367,红星发展,2.91亿,2.91亿
326,600368,五洲交通,8.34亿,8.34亿
327,600369,西南证券,56.5亿,46.5亿
328,600370,三房巷,7.97亿,7.97亿
329,600371,万向德农,2.25亿,2.25亿
330,600372,中航电子,17.6亿,17.6亿
331,600373,中文传媒,13.8亿,12.6亿
332,600375,*ST星马,5.56亿,5.56亿
333,600376,首开股份,25.8亿,22.4亿
334,600377,宁沪高速,50.4亿,38.0亿
335,600378,天科股份,2.97亿,2.97亿
336,600379,宝光股份,2.36亿,2.36亿
337,600380,健康元,15.9亿,15.6亿
338,600381,ST春天,6.86亿,1.99亿
339,600382,广东明珠,3.42亿,3.42亿
340,600383,金地集团,45.0亿,45.0亿
341,600385,山东金泰,1.48亿,1.43亿
342,600386,北巴传媒,4.03亿,4.03亿
343,600387,海越股份,3.86亿,3.86亿
344,600388,龙净环保,10.7亿,10.7亿
345,600389,江山股份,2.97亿,2.97亿
346,600390,*ST金瑞,4.51亿,4.51亿
347,600391,成发科技,3.30亿,3.30亿
348,600392,盛和资源,9.41亿,9.41亿
349,600393,粤泰股份,12.7亿,3.00亿
350,600395,盘江股份,16.6亿,16.6亿
351,600396,金山股份,14.7亿,8.13亿
352,600397,安源煤业,9.90亿,9.90亿
353,600398,海澜之家,44.9亿,15.3亿
354,600399,抚顺特钢,13.0亿,11.3亿
355,600400,红豆股份,16.4亿,11.2亿
356,600401,海润光伏,47.2亿,47.2亿
357,600403,大有能源,23.9亿,23.9亿
358,600405,动力源,4.38亿,4.24亿
359,600406,国电南瑞,24.3亿,22.1亿
360,600408,安泰集团,10.1亿,10.1亿
361,600409,三友化工,18.5亿,18.5亿
362,600410,华胜天成,8.96亿,8.92亿
363,600415,小商品城,54.4亿,54.4亿
364,600416,湘电股份,9.46亿,7.03亿
365,600418,江淮汽车,18.9亿,10.2亿
366,600419,天润乳业,1.04亿,8332万
367,600420,现代制药,2.88亿,2.88亿
368,600421,仰帆控股,1.96亿,1.96亿
369,600422,昆药集团,7.89亿,6.81亿
370,600423,柳化股份,3.99亿,3.99亿
371,600425,青松建化,13.8亿,13.8亿
372,600426,华鲁恒升,12.5亿,12.4亿
373,600428,中远航运,21.5亿,16.9亿
374,600429,三元股份,15.0亿,8.85亿
375,600432,*ST吉恩,16.0亿,8.11亿
376,600433,冠豪高新,12.7亿,11.9亿
377,600435,北方导航,14.9亿,14.9亿
378,600436,片仔癀,6.03亿,6.03亿
379,600438,通威股份,24.6亿,16.3亿
380,600439,瑞贝卡,9.43亿,9.43亿
381,600444,国机通用,1.46亿,1.05亿
382,600446,金证股份,8.35亿,7.52亿
383,600448,华纺股份,4.22亿,3.99亿
384,600449,宁夏建材,4.78亿,4.78亿
385,600452,涪陵电力,1.60亿,1.60亿
386,600455,博通股份,6246万,4972万
387,600456,宝钛股份,4.30亿,4.30亿
388,600458,时代新材,8.03亿,6.61亿
389,600459,贵研铂业,2.61亿,2.61亿
390,600460,士兰微,12.5亿,12.5亿
391,600461,洪城水业,4.39亿,3.30亿
392,600462,九有股份,5.34亿,5.34亿
393,600463,空港股份,3.00亿,2.52亿
394,600466,蓝光发展,21.4亿,8.76亿
395,600467,好当家,14.6亿,14.6亿
396,600468,百利电气,5.41亿,4.56亿
397,600469,风神股份,5.62亿,5.62亿
398,600470,六国化工,5.22亿,5.22亿
399,600472,包头铝业,0,0
400,600475,华光股份,2.56亿,2.56亿
401,600476,湘邮科技,1.61亿,1.61亿
402,600477,杭萧钢构,10.5亿,8.00亿
403,600478,科力远,13.9亿,12.8亿
404,600479,千金药业,3.49亿,3.05亿
405,600480,凌云股份,4.51亿,3.62亿
406,600481,双良节能,16.2亿,16.2亿
407,600482,中国动力,17.4亿,5.24亿
408,600483,福能股份,15.5亿,2.88亿
409,600485,信威集团,29.2亿,16.3亿
410,600486,扬农化工,3.10亿,3.10亿
411,600487,亨通光电,12.4亿,11.5亿
412,600488,天药股份,9.61亿,9.61亿
413,600489,中金黄金,34.5亿,34.5亿
414,600490,鹏欣资源,14.8亿,14.8亿
415,600491,龙元建设,12.6亿,9.48亿
416,600493,凤竹纺织,2.72亿,2.72亿
417,600495,晋西车轴,12.1亿,12.1亿
418,600496,精工钢构,15.1亿,15.1亿
419,600497,驰宏锌锗,43.1亿,33.4亿
420,600498,烽火通信,10.5亿,9.87亿
421,600499,科达洁能,14.1亿,13.8亿
422,600500,中化国际,20.8亿,17.2亿
423,600501,航天晨光,4.21亿,4.07亿
424,600502,安徽水利,9.04亿,9.04亿
425,600503,华丽家族,16.0亿,15.6亿
426,600505,西昌电力,3.65亿,3.65亿
427,600506,香梨股份,1.48亿,1.48亿
428,600507,方大特钢,13.3亿,13.2亿
429,600508,上海能源,7.23亿,7.23亿
430,600509,天富能源,9.06亿,9.06亿
431,600510,黑牡丹,10.5亿,7.96亿
432,600511,国药股份,4.79亿,2.78亿
433,600512,腾达建设,10.2亿,9.71亿
434,600513,联环药业,2.20亿,2.20亿
435,600515,海航基础,26.7亿,4.23亿
436,600516,方大炭素,17.2亿,17.2亿
437,600517,置信电气,13.6亿,11.1亿
438,600518,康美药业,49.5亿,44.0亿
439,600519,贵州茅台,12.6亿,12.6亿
440,600520,*ST中发,1.58亿,1.54亿
441,600521,华海药业,10.3亿,10.2亿
442,600522,中天科技,26.1亿,21.6亿
443,600523,贵航股份,2.89亿,2.89亿
444,600525,长园集团,13.2亿,11.1亿
445,600526,菲达环保,5.47亿,4.07亿
446,600527,江南高纤,8.02亿,8.02亿
447,600528,中铁二局,14.6亿,14.6亿
448,600529,山东药玻,2.57亿,2.57亿
449,600530,交大昂立,7.80亿,7.80亿
450,600531,豫光金铅,8.86亿,8.86亿
451,600532,宏达矿业,5.16亿,3.96亿
452,600533,栖霞建设,10.5亿,10.5亿
453,600535,天士力,10.8亿,10.3亿
454,600536,中国软件,4.95亿,4.85亿
455,600537,亿晶光电,11.8亿,11.8亿
456,600538,国发股份,4.64亿,2.79亿
457,600539,ST狮头,2.30亿,2.30亿
458,600540,新赛股份,4.71亿,4.63亿
459,600543,莫高股份,3.21亿,3.21亿
460,600545,新疆城建,6.76亿,6.76亿
461,600546,*ST山煤,19.8亿,19.8亿
462,600547,山东黄金,14.2亿,14.2亿
463,600548,深高速,21.8亿,14.3亿
464,600549,厦门钨业,10.8亿,8.87亿
465,600550,保变电气,15.3亿,13.7亿
466,600551,时代出版,5.06亿,5.06亿
467,600552,凯盛科技,3.84亿,3.59亿
468,600553,太行水泥,0,0
469,600555,海航创新,13.0亿,9.73亿
470,600556,ST慧球,3.95亿,3.95亿
471,600557,康缘药业,6.16亿,4.42亿
472,600558,大西洋,8.98亿,8.29亿
473,600559,老白干酒,4.38亿,3.50亿
474,600560,金自天正,2.24亿,2.24亿
475,600561,江西长运,2.37亿,2.37亿
476,600562,国睿科技,4.79亿,3.28亿
477,600563,法拉电子,2.25亿,2.25亿
478,600565,迪马股份,23.5亿,14.7亿
479,600566,济川药业,8.10亿,1.71亿
480,600567,山鹰纸业,45.5亿,37.7亿
481,600568,中珠医疗,7.12亿,5.07亿
482,600569,安阳钢铁,23.9亿,23.9亿
483,600570,恒生电子,6.18亿,6.18亿
484,600571,信雅达,4.40亿,4.05亿
485,600572,康恩贝,25.1亿,20.6亿
486,600573,惠泉啤酒,2.50亿,2.50亿
487,600575,皖江物流,39.1亿,14.2亿
488,600576,万家文化,6.35亿,4.80亿
489,600577,精达股份,19.6亿,14.2亿
490,600578,京能电力,46.2亿,46.2亿
491,600579,天华院,4.11亿,2.56亿
492,600580,卧龙电气,12.9亿,11.1亿
493,600581,*ST八钢,7.66亿,7.66亿
494,600582,天地科技,41.4亿,27.7亿
495,600583,海油工程,44.2亿,40.5亿
496,600584,长电科技,10.4亿,9.85亿
497,600585,海螺水泥,53.0亿,40.0亿
498,600586,金晶科技,14.6亿,14.2亿
499,600587,新华医疗,4.06亿,4.03亿
500,600588,用友网络,14.6亿,14.6亿
501,600589,广东榕泰,7.05亿,6.02亿
502,600590,泰豪科技,6.67亿,5.02亿
503,600591,*ST上航,0,0
504,600592,龙溪股份,4.00亿,4.00亿
505,600593,大连圣亚,9200万,9200万
506,600594,益佰制药,7.92亿,7.82亿
507,600595,中孚实业,17.4亿,15.1亿
508,600596,新安股份,6.79亿,6.79亿
509,600597,光明乳业,12.3亿,12.2亿
510,600598,北大荒,17.8亿,17.8亿
511,600599,熊猫金控,1.66亿,1.26亿
512,600600,青岛啤酒,13.5亿,6.96亿
513,600601,方正科技,21.9亿,21.9亿
514,600602,云赛智联,13.3亿,8.80亿
515,600603,*ST兴业,1.95亿,1.95亿
516,600604,市北高新,9.37亿,3.82亿
517,600605,汇通能源,1.47亿,1.47亿
518,600606,绿地控股,122亿,32.2亿
519,600607,上实医药,0,0
520,600608,ST沪科,3.29亿,3.18亿
521,600609,金杯汽车,10.9亿,10.9亿
522,600610,中毅达,10.7亿,2.91亿
523,600611,大众交通,23.6亿,15.6亿
524,600612,老凤祥,5.23亿,3.17亿
525,600613,神奇制药,5.34亿,4.79亿
526,600614,鼎立股份,17.5亿,11.1亿
527,600615,丰华股份,1.88亿,1.88亿
528,600616,金枫酒业,5.15亿,4.88亿
529,600617,国新能源,10.8亿,2.25亿
530,600618,氯碱化工,11.6亿,7.50亿
531,600619,海立股份,8.66亿,4.13亿
532,600620,天宸股份,6.87亿,6.87亿
533,600621,华鑫股份,5.24亿,5.24亿
534,600622,嘉宝集团,6.83亿,5.14亿
535,600623,华谊集团,21.2亿,6.46亿
536,600624,复旦复华,6.85亿,5.83亿
537,600625,PT水仙,0,0
538,600626,申达股份,7.10亿,7.10亿
539,600627,上电股份,0,0
540,600628,新世界,6.47亿,5.32亿
541,600629,华建集团,3.59亿,3.48亿
542,600630,龙头股份,4.25亿,4.25亿
543,600631,百联股份,0,0
544,600632,华联商厦,0,0
545,600633,浙报传媒,11.9亿,11.9亿
546,600634,中技控股,5.76亿,3.98亿
547,600635,大众公用,24.7亿,24.7亿
548,600636,三爱富,4.47亿,4.26亿
549,600637,东方明珠,26.3亿,16.0亿
550,600638,新黄浦,5.61亿,5.61亿
551,600639,浦东金桥,11.2亿,7.03亿
552,600640,号百控股,5.35亿,5.35亿
553,600641,万业企业,8.06亿,8.06亿
554,600642,申能股份,45.5亿,45.5亿
555,600643,爱建集团,14.4亿,14.3亿
556,600644,乐山电力,5.38亿,3.26亿
557,600645,中源协和,3.86亿,3.29亿
558,600646,ST国嘉,0,0
559,600647,同达创业,1.39亿,1.39亿
560,600648,外高桥,11.4亿,9.35亿
561,600649,城投控股,29.9亿,29.9亿
562,600650,锦江投资,5.52亿,3.91亿
563,600651,飞乐音响,9.92亿,7.69亿
564,600652,游久游戏,8.33亿,6.44亿
565,600653,申华控股,19.5亿,17.5亿
566,600654,中安消,12.8亿,7.55亿
567,600655,豫园商城,14.4亿,14.4亿
568,600656,退市博元,1.90亿,1.90亿
569,600657,信达地产,15.2亿,15.2亿
570,600658,电子城,7.99亿,5.80亿
571,600659,*ST花雕,0,0
572,600660,福耀玻璃,25.1亿,20.0亿
573,600661,新南洋,2.59亿,1.81亿
574,600662,强生控股,10.5亿,10.5亿
575,600663,陆家嘴,33.6亿,24.4亿
576,600664,哈药股份,24.9亿,24.9亿
577,600665,天地源,8.64亿,8.64亿
578,600666,奥瑞德,7.67亿,4.97亿
579,600667,太极实业,11.9亿,11.9亿
580,600668,尖峰集团,3.44亿,3.44亿
581,600669,*ST鞍成,0,0
582,600670,*ST斯达,0,0
583,600671,天目药业,1.22亿,1.22亿
584,600672,*ST华圣,0,0
585,600673,东阳光科,24.7亿,24.6亿
586,600674,川投能源,44.0亿,44.0亿
587,600675,*ST中企,18.7亿,18.7亿
588,600676,交运股份,8.62亿,8.62亿
589,600677,航天通信,5.22亿,3.98亿
590,600678,四川金顶,3.49亿,3.49亿
591,600679,上海凤凰,4.02亿,1.82亿
592,600680,上海普天,3.82亿,2.57亿
593,600681,百川能源,9.64亿,2.48亿
594,600682,南京新百,8.28亿,7.16亿
595,600683,京投发展,7.41亿,7.41亿
596,600684,珠江实业,7.11亿,7.11亿
597,600685,中船防务,14.1亿,5.49亿
598,600686,金龙汽车,6.07亿,4.43亿
599,600687,刚泰控股,14.9亿,10.8亿
600,600688,上海石化,108亿,73.0亿
601,600689,上海三毛,2.01亿,1.52亿
602,600690,青岛海尔,61.0亿,54.9亿
603,600691,阳煤化工,17.6亿,17.6亿
604,600692,亚通股份,3.52亿,2.55亿
605,600693,东百集团,8.98亿,6.85亿
606,600694,大商股份,2.94亿,2.94亿
607,600695,绿庭投资,7.11亿,3.66亿
608,600696,匹凸匹,3.41亿,3.41亿
609,600697,欧亚集团,1.59亿,1.55亿
610,600698,湖南天雁,9.72亿,4.31亿
611,600699,均胜电子,6.89亿,6.89亿
612,600700,*ST数码,0,0
613,600701,*ST工新,4.99亿,4.99亿
614,600702,沱牌舍得,3.37亿,3.37亿
615,600703,三安光电,40.8亿,37.9亿
616,600704,物产中大,28.7亿,8.92亿
617,600705,中航资本,89.8亿,74.7亿
618,600706,曲江文旅,1.80亿,1.78亿
619,600707,彩虹股份,7.37亿,7.36亿
620,600708,光明地产,13.2亿,5.13亿
621,600709,ST生态,0,0
622,600710,*ST常林,6.40亿,6.40亿
623,600711,盛屯矿业,15.0亿,14.6亿
624,600712,南宁百货,5.45亿,5.38亿
625,600713,南京医药,8.97亿,6.94亿
626,600714,金瑞矿业,2.88亿,2.82亿
627,600715,文投控股,16.5亿,4.49亿
628,600716,凤凰股份,9.36亿,7.41亿
629,600717,天津港,16.7亿,16.7亿
630,600718,东软集团,12.4亿,12.3亿
631,600719,大连热电,4.05亿,4.05亿
632,600720,祁连山,7.76亿,7.76亿
633,600721,*ST百花,2.49亿,2.49亿
634,600722,金牛化工,6.80亿,6.80亿
635,600723,首商股份,6.58亿,6.58亿
636,600724,宁波富达,14.5亿,14.4亿
637,600725,*ST云维,6.16亿,6.16亿
638,600726,华电能源,19.7亿,15.3亿
639,600727,鲁北化工,3.51亿,3.51亿
640,600728,佳都科技,15.3亿,10.4亿
641,600729,重庆百货,4.07亿,3.73亿
642,600730,中国高科,5.87亿,5.87亿
643,600731,湖南海利,3.27亿,2.56亿
644,600732,*ST新梅,4.46亿,4.46亿
645,600733,S前锋,1.98亿,7560万
646,600734,实达集团,5.90亿,3.51亿
647,600735,新华锦,3.76亿,3.76亿
648,600736,苏州高新,11.9亿,11.4亿
649,600737,中粮屯河,20.5亿,13.2亿
650,600738,兰州民百,3.69亿,3.68亿
651,600739,辽宁成大,15.3亿,13.6亿
652,600740,山西焦化,7.66亿,6.57亿
653,600741,华域汽车,31.5亿,25.8亿
654,600742,一汽富维,4.23亿,4.23亿
655,600743,华远地产,23.5亿,23.5亿
656,600744,华银电力,17.8亿,4.74亿
657,600745,中茵股份,6.37亿,4.83亿
658,600746,江苏索普,3.06亿,3.05亿
659,600747,大连控股,14.6亿,10.6亿
660,600748,上实发展,14.2亿,10.8亿
661,600749,西藏旅游,1.89亿,1.89亿
662,600750,江中药业,3.00亿,3.00亿
663,600751,天海投资,29.0亿,17.9亿
664,600752,*ST哈慈,0,0
665,600753,东方银星,1.28亿,1.28亿
666,600754,锦江股份,9.58亿,4.47亿
667,600755,厦门国贸,16.6亿,16.6亿
668,600756,浪潮软件,3.24亿,2.79亿
669,600757,长江传媒,12.1亿,12.1亿
670,600758,红阳能源,13.4亿,1.15亿
671,600759,洲际油气,22.6亿,15.8亿
672,600760,*ST黑豹,3.45亿,3.45亿
673,600761,安徽合力,6.17亿,6.17亿
674,600762,S*ST金荔,0,0
675,600763,通策医疗,3.21亿,3.21亿
676,600764,中电广通,3.30亿,3.30亿
677,600765,中航重机,7.78亿,7.78亿
678,600766,园城黄金,2.24亿,2.24亿
679,600767,运盛医疗,3.41亿,3.41亿
680,600768,宁波富邦,1.34亿,1.34亿
681,600769,祥龙电业,3.75亿,3.75亿
682,600770,综艺股份,13.0亿,11.0亿
683,600771,广誉远,2.78亿,2.44亿
684,600772,S*ST龙昌,0,0
685,600773,西藏城投,7.29亿,6.93亿
686,600774,汉商集团,1.75亿,1.74亿
687,600775,南京熊猫,9.14亿,6.72亿
688,600776,东方通信,12.6亿,9.56亿
689,600777,新潮能源,10.7亿,6.25亿
690,600778,友好集团,3.11亿,3.11亿
691,600779,水井坊,4.89亿,4.89亿
692,600780,通宝能源,11.5亿,11.5亿
693,600781,辅仁药业,1.78亿,1.78亿
694,600782,新钢股份,13.9亿,13.9亿
695,600783,鲁信创投,7.44亿,7.44亿
696,600784,鲁银投资,5.68亿,4.97亿
697,600785,新华百货,2.26亿,2.07亿
698,600786,东方锅炉,0,0
699,600787,中储股份,22.0亿,18.6亿
700,600788,*ST达曼,0,0
701,600789,鲁抗医药,5.82亿,5.82亿
702,600790,轻纺城,10.5亿,10.5亿
703,600791,京能置业,4.53亿,4.52亿
704,600792,云煤能源,9.90亿,9.52亿
705,600793,ST宜纸,1.05亿,1.05亿
706,600794,保税科技,12.1亿,11.0亿
707,600795,国电电力,197亿,197亿
708,600796,钱江生化,3.01亿,3.01亿
709,600797,浙大网新,9.14亿,8.22亿
710,600798,宁波海运,10.3亿,10.3亿
711,600799,*ST龙科,0,0
712,600800,天津磁卡,6.11亿,6.10亿
713,600801,华新水泥,15.0亿,9.73亿
714,600802,福建水泥,3.82亿,3.82亿
715,600803,新奥股份,9.86亿,9.86亿
716,600804,鹏博士,14.1亿,13.9亿
717,600805,悦达投资,8.51亿,8.49亿
718,600806,*ST昆机,5.31亿,3.90亿
719,600807,天业股份,8.85亿,6.44亿
720,600808,马钢股份,77.0亿,59.7亿
721,600809,山西汾酒,8.66亿,8.66亿
722,600810,神马股份,4.42亿,4.42亿
723,600811,东方集团,28.6亿,16.7亿
724,600812,华北制药,16.3亿,13.8亿
725,600813,ST鞍一工,0,0
726,600814,杭州解百,7.15亿,3.10亿
727,600815,厦工股份,9.59亿,9.59亿
728,600816,安信信托,17.7亿,11.4亿
729,600817,*ST宏盛,1.61亿,1.48亿
730,600818,中路股份,3.21亿,2.38亿
731,600819,耀皮玻璃,9.35亿,6.72亿
732,600820,隧道股份,31.4亿,31.4亿
733,600821,津劝业,4.16亿,4.16亿
734,600822,上海物贸,4.96亿,3.96亿
735,600823,世茂股份,26.8亿,24.7亿
736,600824,益民集团,10.5亿,10.5亿
737,600825,新华传媒,10.4亿,10.4亿
738,600826,兰生股份,4.21亿,4.21亿
739,600827,百联股份,17.8亿,15.4亿
740,600828,茂业商业,17.3亿,5.70亿
741,600829,人民同泰,5.80亿,5.80亿
742,600830,香溢融通,4.54亿,4.54亿
743,600831,广电网络,6.05亿,5.63亿
744,600832,东方明珠,31.9亿,31.9亿
745,600833,第一医药,2.23亿,2.23亿
746,600834,申通地铁,4.77亿,4.77亿
747,600835,上海机电,10.2亿,8.07亿
748,600836,界龙实业,6.63亿,6.53亿
749,600837,海通证券,115亿,80.9亿
750,600838,上海九百,4.01亿,4.01亿
751,600839,四川长虹,46.2亿,46.1亿
752,600840,新湖创业,0,0
753,600841,上柴股份,8.67亿,5.22亿
754,600842,中西药业,0,0
755,600843,上工申贝,5.49亿,3.05亿
756,600844,丹化科技,10.2亿,5.85亿
757,600845,宝信软件,7.83亿,4.74亿
758,600846,同济科技,6.25亿,6.25亿
759,600847,万里股份,1.56亿,1.34亿
760,600848,上海临港,8.95亿,2.92亿
761,600849,上药转换,0,0
762,600850,华东电脑,4.18亿,4.18亿
763,600851,海欣股份,12.1亿,7.38亿
764,600852,*ST中川,0,0
765,600853,龙建股份,5.37亿,5.37亿
766,600854,春兰股份,5.19亿,5.19亿
767,600855,航天长峰,3.32亿,3.30亿
768,600856,中天能源,11.3亿,7.71亿
769,600857,宁波中百,2.24亿,2.24亿
770,600858,银座股份,5.20亿,5.18亿
771,600859,王府井,7.76亿,6.02亿
772,600860,京城股份,4.22亿,3.22亿
773,600861,北京城乡,3.17亿,3.17亿
774,600862,中航高科,13.9亿,6.38亿
775,600863,内蒙华电,58.1亿,58.1亿
776,600864,哈投股份,15.8亿,5.46亿
777,600865,百大集团,3.76亿,3.76亿
778,600866,*ST星湖,6.45亿,5.50亿
779,600867,通化东宝,14.2亿,13.6亿
780,600868,梅雁吉祥,19.0亿,19.0亿
781,600869,智慧能源,22.2亿,19.8亿
782,600870,厦华电子,5.23亿,5.23亿
783,600871,石化油服,141亿,28.2亿
784,600872,中炬高新,7.97亿,7.97亿
785,600873,梅花生物,31.1亿,31.1亿
786,600874,创业环保,14.3亿,10.9亿
787,600875,东方电气,23.4亿,20.0亿
788,600876,洛阳玻璃,5.27亿,2.50亿
789,600877,中国嘉陵,6.87亿,6.87亿
790,600878,*ST北科,0,0
791,600879,航天电子,10.4亿,10.4亿
792,600880,博瑞传播,10.9亿,7.33亿
793,600881,亚泰集团,26.0亿,18.9亿
794,600882,广泽股份,3.99亿,3.99亿
795,600883,博闻科技,2.36亿,2.36亿
796,600884,杉杉股份,11.2亿,8.22亿
797,600885,宏发股份,5.32亿,5.32亿
798,600886,国投电力,67.9亿,67.9亿
799,600887,伊利股份,60.6亿,60.3亿
800,600888,新疆众和,6.41亿,6.41亿
801,600889,南京化纤,3.07亿,3.07亿
802,600890,中房股份,5.79亿,5.79亿
803,600891,秋林集团,6.18亿,3.24亿
804,600892,大晟文化,1.40亿,6290万
805,600893,中航动力,19.5亿,13.7亿
806,600894,广日股份,8.60亿,8.60亿
807,600895,张江高科,15.5亿,15.5亿
808,600896,中海海盛,8.73亿,5.81亿
809,600897,厦门空港,2.98亿,2.98亿
810,600898,三联商社,2.53亿,2.53亿
811,600899,*ST信联,0,0
812,600900,长江电力,220亿,97.5亿
813,600908,无锡银行,18.5亿,1.85亿
814,600917,重庆燃气,15.6亿,1.56亿
815,600919,江苏银行,115亿,11.5亿
816,600926,杭州银行,23.6亿,0
817,600936,广西广电,16.7亿,3.00亿
818,600958,东方证券,62.2亿,31.3亿
819,600959,江苏有线,38.8亿,14.0亿
820,600960,渤海活塞,5.25亿,5.13亿
821,600961,株冶集团,5.27亿,5.27亿
822,600962,国投中鲁,2.62亿,2.54亿
823,600963,岳阳林纸,10.4亿,10.4亿
824,600965,福成股份,8.19亿,3.80亿
825,600966,博汇纸业,13.4亿,13.4亿
826,600967,北方创业,8.23亿,8.23亿
827,600969,郴电国际,2.64亿,2.64亿
828,600970,中材国际,17.5亿,16.4亿
829,600971,恒源煤电,10.0亿,10.0亿
830,600973,宝胜股份,9.05亿,6.63亿
831,600975,新五丰,6.53亿,4.69亿
832,600976,健民集团,1.53亿,1.53亿
833,600977,中国电影,18.7亿,4.67亿
834,600978,宜华生活,14.8亿,14.8亿
835,600979,广安爱众,9.48亿,7.18亿
836,600980,北矿科技,1.52亿,1.30亿
837,600981,汇鸿集团,22.4亿,2.42亿
838,600982,宁波热电,7.47亿,6.76亿
839,600983,惠而浦,7.66亿,5.33亿
840,600984,建设机械,6.37亿,4.33亿
841,600985,雷鸣科化,2.63亿,2.63亿
842,600986,科达股份,8.69亿,4.52亿
843,600987,航民股份,6.35亿,6.35亿
844,600988,赤峰黄金,7.13亿,6.10亿
845,600990,四创电子,1.37亿,1.37亿
846,600991,广汽长丰,0,0
847,600992,贵绳股份,2.45亿,2.45亿
848,600993,马应龙,4.31亿,4.30亿
849,600995,文山电力,4.79亿,4.79亿
850,600997,开滦股份,12.3亿,12.3亿
851,600998,九州通,16.5亿,14.4亿
852,600999,招商证券,58.1亿,48.0亿
853,601000,唐山港,40.5亿,40.2亿
854,601001,大同煤业,16.7亿,16.7亿
855,601002,晋亿实业,7.93亿,7.93亿
856,601003,柳钢股份,25.6亿,25.6亿
857,601005,重庆钢铁,44.4亿,19.0亿
858,601006,大秦铁路,149亿,149亿
859,601007,金陵饭店,3.00亿,3.00亿
860,601008,连云港,10.2亿,8.12亿
861,601009,南京银行,60.6亿,57.6亿
862,601010,文峰股份,18.5亿,18.5亿
863,601011,宝泰隆,13.7亿,13.1亿
864,601012,隆基股份,19.8亿,17.5亿
865,601015,陕西黑猫,9.30亿,4.44亿
866,601016,节能风电,20.8亿,8.18亿
867,601018,宁波港,132亿,128亿
868,601020,华钰矿业,5.26亿,5200万
869,601021,春秋航空,8.00亿,2.00亿
870,601028,玉龙股份,7.85亿,7.83亿
871,601038,一拖股份,9.96亿,5.94亿
872,601058,赛轮金宇,22.9亿,22.2亿
873,601069,西部黄金,6.36亿,1.90亿
874,601088,中国神华,199亿,165亿
875,601098,中南传媒,18.0亿,18.0亿
876,601099,太平洋,45.4亿,43.2亿
877,601100,恒立液压,6.30亿,2.47亿
878,601101,昊华能源,12.0亿,12.0亿
879,601106,中国一重,65.4亿,65.4亿
880,601107,四川成渝,30.6亿,21.6亿
881,601111,中国国航,131亿,85.2亿
882,601113,华鼎股份,8.33亿,6.40亿
883,601116,三江购物,4.11亿,4.02亿
884,601117,中国化学,49.3亿,49.3亿
885,601118,海南橡胶,39.3亿,39.3亿
886,601126,四方股份,8.13亿,8.13亿
887,601127,小康股份,8.93亿,1.43亿
888,601128,常熟银行,22.2亿,2.22亿
889,601137,博威合金,6.27亿,4.30亿
890,601139,深圳燃气,21.8亿,21.8亿
891,601155,新城控股,22.2亿,6.91亿
892,601158,重庆水务,48.0亿,48.0亿
893,601163,三角轮胎,8.00亿,2.00亿
894,601166,兴业银行,191亿,191亿
895,601168,西部矿业,23.8亿,23.8亿
896,601169,北京银行,152亿,152亿
897,601177,杭齿前进,4.00亿,4.00亿
898,601179,中国西电,51.3亿,51.3亿
899,601186,中国铁建,136亿,115亿
900,601188,龙江交通,13.2亿,12.1亿
901,601198,东兴证券,25.0亿,9.04亿
902,601199,江南水务,9.35亿,9.35亿
903,601206,海尔施,2.07亿,0
904,601208,东材科技,6.16亿,6.16亿
905,601211,国泰君安,76.3亿,47.7亿
906,601216,君正集团,84.4亿,73.7亿
907,601218,吉鑫科技,9.92亿,9.92亿
908,601222,林洋能源,4.98亿,4.07亿
909,601225,陕西煤业,100亿,27.1亿
910,601226,华电重工,11.6亿,3.67亿
911,601231,环旭电子,21.8亿,21.8亿
912,601233,桐昆股份,12.3亿,9.64亿
913,601238,广汽集团,64.4亿,42.2亿
914,601258,庞大集团,66.8亿,64.8亿
915,601268,*ST二重,22.9亿,16.9亿
916,601288,农业银行,3248亿,2941亿
917,601299,中国北车,123亿,101亿
918,601311,骆驼股份,8.48亿,8.48亿
919,601313,江南嘉捷,3.97亿,3.97亿
920,601318,中国平安,183亿,108亿
921,601328,交通银行,743亿,393亿
922,601333,广深铁路,70.8亿,56.5亿
923,601336,新华保险,31.2亿,20.9亿
924,601339,百隆东方,15.0亿,15.0亿
925,601368,绿城水务,7.36亿,2.94亿
926,601369,陕鼓动力,16.4亿,16.4亿
927,601377,兴业证券,67.0亿,67.0亿
928,601388,怡球资源,20.3亿,20.3亿
929,601390,中国中铁,228亿,183亿
930,601398,工商银行,3564亿,2696亿
931,601500,通用股份,7.27亿,1.75亿
932,601515,东风股份,11.1亿,11.1亿
933,601518,吉林高速,12.1亿,12.1亿
934,601519,大智慧,19.9亿,19.9亿
935,601555,东吴证券,30.0亿,25.9亿
936,601558,华锐风电,60.3亿,56.6亿
937,601566,九牧王,5.75亿,5.75亿
938,601567,三星医疗,14.2亿,10.2亿
939,601579,会稽山,4.97亿,2.48亿
940,601588,北辰实业,33.7亿,26.6亿
941,601595,上海电影,3.73亿,9350万
942,601599,鹿港文化,8.94亿,7.03亿
943,601600,中国铝业,149亿,110亿
944,601601,中国太保,90.6亿,62.9亿
945,601607,上海医药,26.9亿,19.2亿
946,601608,中信重工,43.4亿,41.1亿
947,601611,中国核建,26.3亿,5.25亿
948,601616,广电电气,9.36亿,9.36亿
949,601618,中国中冶,191亿,162亿
950,601628,中国人寿,283亿,208亿
951,601633,长城汽车,91.3亿,60.3亿
952,601636,旗滨集团,26.1亿,24.7亿
953,601666,平煤股份,23.6亿,23.6亿
954,601668,中国建筑,300亿,299亿
955,601669,中国电建,138亿,96.0亿
956,601677,明泰铝业,4.83亿,4.08亿
957,601678,滨化股份,11.9亿,11.9亿
958,601688,华泰证券,71.6亿,54.4亿
959,601689,拓普集团,6.49亿,1.71亿
960,601699,潞安环能,29.9亿,29.9亿
961,601700,风范股份,11.3亿,11.2亿
962,601717,郑煤机,16.2亿,13.8亿
963,601718,际华集团,38.6亿,38.6亿
964,601727,上海电气,134亿,98.5亿
965,601766,中国中车,273亿,229亿
966,601777,力帆股份,12.6亿,12.4亿
967,601788,光大证券,46.1亿,39.1亿
968,601789,宁波建工,9.76亿,9.76亿
969,601798,蓝科高新,3.55亿,3.55亿
970,601799,星宇股份,2.76亿,2.40亿
971,601800,中国交建,162亿,117亿
972,601801,皖新传媒,19.9亿,18.2亿
973,601808,中海油服,47.7亿,29.6亿
974,601811,新华文轩,12.3亿,9871万
975,601818,光大银行,467亿,398亿
976,601857,中国石油,1830亿,1619亿
977,601866,中海集运,117亿,79.3亿
978,601872,招商轮船,53.0亿,47.2亿
979,601877,正泰电器,13.2亿,13.2亿
980,601880,大连港,129亿,77.4亿
981,601886,江河集团,11.5亿,11.5亿
982,601888,中国国旅,9.76亿,9.76亿
983,601890,亚星锚链,9.59亿,9.59亿
984,601898,中煤能源,133亿,91.5亿
985,601899,紫金矿业,215亿,158亿
986,601900,南方传媒,8.19亿,1.69亿
987,601901,方正证券,82.3亿,62.9亿
988,601908,京运通,20.0亿,17.2亿
989,601918,*ST新集,25.9亿,25.9亿
990,601919,中国远洋,102亿,76.4亿
991,601928,凤凰传媒,25.4亿,25.4亿
992,601929,吉视传媒,31.1亿,31.1亿
993,601933,永辉超市,95.7亿,65.1亿
994,601939,建设银行,2500亿,95.9亿
995,601958,金钼股份,32.3亿,32.3亿
996,601965,中国汽研,9.61亿,9.61亿
997,601966,玲珑轮胎,12.0亿,2.00亿
998,601968,宝钢包装,8.33亿,2.83亿
999,601969,海南矿业,18.7亿,8.59亿
1000,601985,中国核电,156亿,42.4亿
1001,601988,中国银行,2944亿,2108亿
1002,601989,中国重工,184亿,180亿
1003,601991,大唐发电,133亿,99.9亿
1004,601992,金隅股份,107亿,62.2亿
1005,601996,丰林集团,4.69亿,4.69亿
1006,601997,贵阳银行,23.0亿,5.00亿
1007,601998,中信银行,489亿,319亿
1008,601999,出版传媒,5.51亿,5.51亿
1009,603000,人民网,11.1亿,11.1亿
1010,603001,奥康国际,4.01亿,4.01亿
1011,603002,宏昌电子,6.14亿,6.00亿
1012,603003,龙宇燃油,2.02亿,2.02亿
1013,603005,晶方科技,2.27亿,9964万
1014,603006,联明股份,1.93亿,6888万
1015,603007,花王股份,1.33亿,3335万
1016,603008,喜临门,3.15亿,3.15亿
1017,603009,北特科技,1.31亿,3473万
1018,603010,万盛股份,2.54亿,1.05亿
1019,603011,合锻智能,3.96亿,2.12亿
1020,603012,创力集团,6.37亿,4.24亿
1021,603015,弘讯科技,4.00亿,1.60亿
1022,603016,新宏泰,1.48亿,3705万
1023,603017,中衡设计,2.75亿,1.20亿
1024,603018,设计股份,2.08亿,1.26亿
1025,603019,中科曙光,6.43亿,3.59亿
1026,603020,爱普股份,3.20亿,1.93亿
1027,603021,山东华鹏,1.23亿,6396万
1028,603022,新通联,2.00亿,6500万
1029,603023,威帝股份,3.60亿,1.27亿
1030,603025,大豪科技,4.47亿,5100万
1031,603026,石大胜华,2.03亿,1.31亿
1032,603027,千禾味业,1.60亿,4000万
1033,603028,赛福天,2.21亿,5520万
1034,603029,天鹅股份,9334万,2334万
1035,603030,全筑股份,1.77亿,6436万
1036,603031,安德利,8000万,2000万
1037,603066,音飞储存,1.01亿,4563万
1038,603067,振华股份,2.20亿,5500万
1039,603069,海汽集团,3.16亿,7900万
1040,603077,和邦生物,33.1亿,31.9亿
1041,603085,天成自控,1.12亿,2875万
1042,603088,宁波精达,8000万,2500万
1043,603090,宏盛股份,1.00亿,2500万
1044,603099,长白山,2.67亿,1.03亿
1045,603100,川仪股份,3.95亿,2.31亿
1046,603101,汇嘉时代,2.40亿,6000万
1047,603108,润达医疗,2.82亿,1.23亿
1048,603111,康尼机电,7.38亿,3.79亿
1049,603116,红蜻蜓,4.09亿,1.81亿
1050,603117,万林股份,4.62亿,2.35亿
1051,603118,共进股份,3.56亿,1.19亿
1052,603123,翠微股份,5.24亿,3.68亿
1053,603126,中材节能,6.11亿,2.18亿
1054,603128,华贸物流,9.99亿,8.08亿
1055,603131,上海沪工,1.00亿,2500万
1056,603158,腾龙股份,2.18亿,1.01亿
1057,603159,上海亚虹,1.00亿,2500万
1058,603160,汇顶科技,4.00亿,0
1059,603166,福达股份,5.92亿,7805万
1060,603167,渤海轮渡,4.81亿,4.81亿
1061,603168,莎普爱思,1.63亿,1.01亿
1062,603169,兰石重装,10.3亿,3.87亿
1063,603188,亚邦股份,5.76亿,3.79亿
1064,603189,网达软件,2.21亿,5520万
1065,603198,迎驾贡酒,8.00亿,1.66亿
1066,603199,九华旅游,1.11亿,7294万
1067,603222,济民制药,3.20亿,1.13亿
1068,603223,恒通股份,1.20亿,7900万
1069,603227,雪峰科技,6.59亿,4.22亿
1070,603268,松发股份,8800万,4114万
1071,603288,海天味业,27.1亿,2.69亿
1072,603299,井神股份,5.59亿,9000万
1073,603300,华铁科技,4.05亿,2.78亿
1074,603306,华懋科技,2.14亿,7219万
1075,603308,应流股份,4.34亿,2.40亿
1076,603309,维力医疗,2.00亿,7700万
1077,603311,金海环境,2.10亿,9301万
1078,603313,恒康家居,1.80亿,0
1079,603315,福鞍股份,2.00亿,7786万
1080,603318,派思股份,3.66亿,1.06亿
1081,603322,超讯通信,8000万,2000万
1082,603328,依顿电子,4.98亿,9798万
1083,603333,明星电缆,5.20亿,5.20亿
1084,603338,浙江鼎力,1.63亿,4623万
1085,603339,四方冷链,2.07亿,5170万
1086,603355,莱克电气,4.01亿,6669万
1087,603366,日出东方,8.00亿,8.00亿
1088,603368,柳州医药,1.42亿,5738万
1089,603369,今世缘,12.5亿,6.81亿
1090,603377,东方时尚,4.20亿,5000万
1091,603393,新天然气,1.60亿,4000万
1092,603398,邦宝益智,2.11亿,5280万
1093,603399,新华龙,4.99亿,4.99亿
1094,603421,鼎信通讯,3.90亿,0
1095,603456,九洲药业,4.43亿,1.10亿
1096,603508,思维列控,1.60亿,4000万
1097,603515,欧普照明,5.79亿,5800万
1098,603518,维格娜丝,1.48亿,5563万
1099,603519,立霸股份,1.60亿,7688万
1100,603520,司太立,1.20亿,3000万
1101,603528,多伦科技,2.07亿,5168万
1102,603555,贵人鸟,6.14亿,1.14亿
1103,603558,健盛集团,3.71亿,7500万
1104,603566,普莱柯,3.20亿,1.62亿
1105,603567,珍宝岛,8.49亿,1.29亿
1106,603568,伟明环保,6.81亿,1.31亿
1107,603569,长久物流,4.00亿,4001万
1108,603588,高能环境,3.31亿,2.43亿
1109,603589,口子窖,6.00亿,2.94亿
1110,603598,引力传媒,2.67亿,9736万
1111,603599,广信股份,3.76亿,1.36亿
1112,603600,永艺股份,1.00亿,4188万
1113,603601,再升科技,1.76亿,7106万
1114,603606,东方电缆,3.11亿,1.39亿
1115,603608,天创时尚,2.80亿,7000万
1116,603609,禾丰牧业,8.31亿,4.18亿
1117,603611,诺力股份,1.60亿,9303万
1118,603616,韩建河山,2.93亿,1.47亿
1119,603618,杭电股份,6.87亿,2.63亿
1120,603636,南威软件,1.00亿,4260万
1121,603658,安图生物,4.20亿,4200万
1122,603663,三祥新材,1.34亿,3355万
1123,603669,灵康药业,2.60亿,8645万
1124,603678,火炬电子,1.81亿,8070万
1125,603686,龙马环卫,2.72亿,1.06亿
1126,603688,石英股份,2.25亿,8016万
1127,603696,安记食品,1.20亿,3000万
1128,603698,航天工程,4.12亿,8877万
1129,603699,纽威股份,7.50亿,1.55亿
1130,603701,德宏股份,7840万,1960万
1131,603703,盛洋科技,2.30亿,9592万
1132,603718,海利生物,6.44亿,3.05亿
1133,603726,朗迪集团,9472万,2368万
1134,603729,龙韵股份,6667万,3610万
1135,603737,三棵树,1.00亿,2500万
1136,603738,泰晶科技,6668万,1668万
1137,603766,隆鑫通用,8.38亿,8.05亿
1138,603777,来伊份,1.80亿,0
1139,603778,乾景园林,2.00亿,5000万
1140,603779,威龙股份,2.00亿,5020万
1141,603788,宁波高发,1.41亿,4691万
1142,603789,星光农机,2.02亿,8000万
1143,603798,康普顿,1.00亿,2500万
1144,603799,华友钴业,5.35亿,2.71亿
1145,603800,道森股份,2.08亿,5200万
1146,603806,福斯特,4.02亿,9021万
1147,603808,歌力思,2.48亿,7880万
1148,603816,顾家家居,3.30亿,0
1149,603818,曲美家居,4.84亿,1.32亿
1150,603822,嘉澳环保,7335万,1835万
1151,603828,柯利达,1.85亿,6012万
1152,603838,四通股份,2.67亿,9728万
1153,603843,正平股份,4.00亿,9970万
1154,603861,白云电器,4.09亿,4910万
1155,603866,桃李面包,4.50亿,4501万
1156,603868,飞科电器,4.36亿,4360万
1157,603869,北部湾旅,2.16亿,7287万
1158,603883,老百姓,2.67亿,8412万
1159,603885,吉祥航空,12.8亿,2.15亿
1160,603887,城地股份,9810万,2460万
1161,603889,新澳股份,3.25亿,1.41亿
1162,603898,好莱客,3.00亿,8723万
1163,603899,晨光文具,9.20亿,2.24亿
1164,603901,永创智能,4.00亿,1.54亿
1165,603909,合诚股份,1.00亿,2500万
1166,603918,金桥信息,1.76亿,1.23亿
1167,603919,金徽酒,2.80亿,7000万
1168,603936,博敏电子,1.67亿,4185万
1169,603939,益丰药房,3.63亿,1.56亿
1170,603958,哈森股份,2.17亿,5436万
1171,603959,百利科技,2.24亿,5600万
1172,603968,醋化股份,2.04亿,1.37亿
1173,603969,银龙股份,4.00亿,1.53亿
1174,603977,国泰集团,1.66亿,0
1175,603979,金诚信,4.50亿,1.77亿
1176,603986,兆易创新,1.00亿,2500万
1177,603988,中电电机,8000万,2240万
1178,603989,艾华集团,3.00亿,7500万
1179,603993,洛阳钼业,169亿,130亿
1180,603996,中新科技,3.00亿,7515万
1181,603997,继峰股份,4.20亿,1.14亿
1182,603998,方盛制药,4.33亿,2.69亿
1183,603999,读者传媒,2.88亿,7200万
1184,000001,平安银行,172亿,146亿
1185,000002,万 科Ａ,110亿,97.1亿
1186,000003,PT金田A,0,0
1187,000004,国农科技,8398万,8296万
1188,000005,世纪星源,10.6亿,9.14亿
1189,000006,深振业Ａ,13.5亿,13.5亿
1190,000007,全新好,2.31亿,2.06亿
1191,000008,神州高铁,27.6亿,14.9亿
1192,000009,中国宝安,21.5亿,21.2亿
1193,000010,美丽生态,8.20亿,4.08亿
1194,000011,深物业A,5.96亿,1.76亿
1195,000012,南 玻Ａ,20.8亿,13.0亿
1196,000013,*ST石化A,0,0
1197,000014,沙河股份,2.02亿,2.02亿
1198,000015,PT中浩A,0,0
1199,000016,深康佳Ａ,24.1亿,16.0亿
1200,000017,深中华A,5.51亿,3.03亿
1201,000018,神州长城,17.0亿,3.78亿
1202,000019,深深宝Ａ,4.52亿,3.78亿
1203,000020,深华发Ａ,2.83亿,1.81亿
1204,000021,深科技,14.7亿,14.7亿
1205,000022,深赤湾Ａ,6.45亿,4.65亿
1206,000023,深天地Ａ,1.39亿,1.39亿
1207,000024,招商地产,25.8亿,10.3亿
1208,000025,特 力Ａ,2.97亿,1.94亿
1209,000026,飞亚达Ａ,4.39亿,3.11亿
1210,000027,深圳能源,39.6亿,39.6亿
1211,000028,国药一致,3.63亿,2.33亿
1212,000029,深深房Ａ,10.1亿,8.92亿
1213,000030,富奥股份,12.9亿,12.5亿
1214,000031,中粮地产,18.1亿,18.1亿
1215,000032,深桑达Ａ,4.22亿,2.79亿
1216,000033,*ST新都,4.30亿,4.30亿
1217,000034,神州数码,6.54亿,3.58亿
1218,000035,中国天楹,12.4亿,8.12亿
1219,000036,华联控股,11.4亿,11.3亿
1220,000037,*ST南电A,6.03亿,3.39亿
1221,000038,深大通,3.27亿,3773万
1222,000039,中集集团,29.8亿,12.6亿
1223,000040,东旭蓝天,13.4亿,4.65亿
1224,000042,中洲控股,6.65亿,4.85亿
1225,000043,中航地产,6.67亿,6.67亿
1226,000045,深纺织Ａ,5.07亿,4.57亿
1227,000046,泛海控股,52.0亿,45.5亿
1228,000047,ST中侨,0,0
1229,000048,康达尔,3.91亿,3.82亿
1230,000049,德赛电池,2.05亿,2.05亿
1231,000050,深天马Ａ,14.0亿,9.43亿
1232,000055,方大集团,7.89亿,4.20亿
1233,000056,皇庭国际,11.5亿,2.86亿
1234,000058,深 赛 格,7.85亿,5.38亿
1235,000059,华锦股份,16.0亿,14.0亿
1236,000060,中金岭南,22.1亿,22.1亿
1237,000061,农 产 品,17.0亿,16.9亿
1238,000062,深圳华强,7.21亿,6.67亿
1239,000063,中兴通讯,41.5亿,33.9亿
1240,000065,北方国际,2.74亿,2.67亿
1241,000066,长城电脑,13.2亿,13.2亿
1242,000068,华控赛格,10.1亿,8.97亿
1243,000069,华侨城Ａ,82.1亿,61.2亿
1244,000070,特发信息,3.13亿,2.71亿
1245,000078,海王生物,26.5亿,18.4亿
1246,000088,盐 田 港,19.4亿,19.4亿
1247,000089,深圳机场,20.5亿,20.5亿
1248,000090,天健集团,12.0亿,7.74亿
1249,000096,广聚能源,5.28亿,5.11亿
1250,000099,中信海直,6.06亿,6.06亿
1251,000100,TCL 集团,122亿,90.0亿
1252,000150,宜华健康,4.48亿,3.54亿
1253,000151,中成股份,2.96亿,2.67亿
1254,000153,丰原药业,3.12亿,3.12亿
1255,000155,*ST川化,4.70亿,4.70亿
1256,000156,华数传媒,14.3亿,9.94亿
1257,000157,中联重科,76.6亿,62.7亿
1258,000158,常山股份,12.7亿,7.66亿
1259,000159,国际实业,4.81亿,4.81亿
1260,000166,申万宏源,201亿,72.0亿
1261,000301,东方市场,12.2亿,12.2亿
1262,000333,美的集团,64.5亿,61.4亿
1263,000338,潍柴动力,40.0亿,21.6亿
1264,000400,许继电气,10.1亿,7.37亿
1265,000401,冀东水泥,13.5亿,13.5亿
1266,000402,金 融 街,29.9亿,29.9亿
1267,000403,ST生化,2.73亿,1.87亿
1268,000404,华意压缩,5.60亿,5.58亿
1269,000405,ST鑫光,0,0
1270,000406,石油大明,0,0
1271,000407,胜利股份,8.80亿,6.61亿
1272,000408,*ST金源,19.4亿,2.52亿
1273,000409,山东地矿,4.73亿,3.58亿
1274,000410,沈阳机床,7.65亿,7.40亿
1275,000411,英特集团,2.07亿,2.07亿
1276,000412,ST五环,0,0
1277,000413,东旭光电,49.4亿,24.1亿
1278,000415,渤海金控,61.8亿,31.2亿
1279,000416,民生控股,5.32亿,5.32亿
1280,000417,合肥百货,7.80亿,7.79亿
1281,000418,小天鹅Ａ,6.32亿,4.38亿
1282,000419,通程控股,5.44亿,5.43亿
1283,000420,吉林化纤,9.85亿,3.18亿
1284,000421,南京公用,5.73亿,3.92亿
1285,000422,湖北宜化,8.98亿,8.98亿
1286,000423,东阿阿胶,6.54亿,6.54亿
1287,000425,徐工机械,70.1亿,69.9亿
1288,000426,兴业矿业,11.9亿,9.63亿
1289,000428,华天酒店,10.2亿,7.19亿
1290,000429,粤高速Ａ,20.9亿,4.69亿
1291,000430,张家界,3.21亿,2.09亿
1292,000488,晨鸣纸业,19.4亿,11.0亿
1293,000498,山东路桥,11.2亿,3.54亿
1294,000501,鄂武商Ａ,5.92亿,5.07亿
1295,000502,绿景控股,1.85亿,1.83亿
1296,000503,海虹控股,8.99亿,8.99亿
1297,000504,*ST生物,3.12亿,3.11亿
1298,000505,*ST珠江,4.27亿,3.60亿
1299,000506,中润资源,9.29亿,9.28亿
1300,000507,珠海港,7.90亿,7.72亿
1301,000508,琼民源A,0,0
1302,000509,华塑控股,8.25亿,6.26亿
1303,000510,金路集团,6.09亿,5.63亿
1304,000511,*ST烯碳,11.5亿,11.5亿
1305,000513,丽珠集团,4.26亿,2.35亿
1306,000514,渝 开 发,8.44亿,8.44亿
1307,000515,攀渝钛业,0,0
1308,000516,国际医学,19.7亿,19.3亿
1309,000517,荣安地产,31.8亿,30.4亿
1310,000518,四环生物,10.3亿,10.3亿
1311,000519,江南红箭,10.3亿,5.83亿
1312,000520,长航凤凰,10.1亿,10.1亿
1313,000521,美菱电器,7.64亿,5.92亿
1314,000522,白云山A,0,0
1315,000523,广州浪奇,5.23亿,4.46亿
1316,000524,岭南控股,2.70亿,2.70亿
1317,000525,红 太 阳,5.81亿,5.07亿
1318,000526,紫光学大,9620万,9620万
1319,000527,美的电器,0,0
1320,000528,柳 工,11.3亿,11.3亿
1321,000529,广弘控股,5.84亿,5.67亿
1322,000530,大冷股份,5.99亿,3.57亿
1323,000531,穗恒运Ａ,6.85亿,6.85亿
1324,000532,力合股份,3.45亿,3.43亿
1325,000533,万 家 乐,6.91亿,6.85亿
1326,000534,万泽股份,4.92亿,4.91亿
1327,000535,*ST猴王,0,0
1328,000536,华映科技,7.79亿,7.77亿
1329,000537,广宇发展,5.13亿,5.13亿
1330,000538,云南白药,10.4亿,10.4亿
1331,000539,粤电力Ａ,52.5亿,25.5亿
1332,000540,中天城投,46.9亿,39.2亿
1333,000541,佛山照明,12.7亿,9.75亿
1334,000542,TCL通讯,0,0
1335,000543,皖能电力,17.9亿,17.9亿
1336,000544,中原环保,5.71亿,2.69亿
1337,000545,金浦钛业,9.87亿,9.59亿
1338,000546,金圆股份,5.95亿,2.74亿
1339,000547,航天发展,14.3亿,9.01亿
1340,000548,湖南投资,4.99亿,4.99亿
1341,000549,S湘火炬,0,0
1342,000550,江铃汽车,8.63亿,5.17亿
1343,000551,创元科技,4.00亿,4.00亿
1344,000552,靖远煤电,22.9亿,15.6亿
1345,000553,沙隆达Ａ,5.94亿,3.64亿
1346,000554,泰山石油,4.81亿,3.63亿
1347,000555,神州信息,9.18亿,2.58亿
1348,000556,PT南洋,0,0
1349,000557,西部创业,14.6亿,5.85亿
1350,000558,莱茵体育,8.59亿,7.64亿
1351,000559,万向钱潮,22.9亿,22.9亿
1352,000560,昆百大Ａ,11.7亿,3.16亿
1353,000561,烽火电子,5.96亿,5.94亿
1354,000562,宏源证券,0,0
1355,000563,陕国投Ａ,30.9亿,24.3亿
1356,000564,西安民生,7.53亿,5.20亿
1357,000565,渝三峡Ａ,4.34亿,4.34亿
1358,000566,海南海药,13.4亿,9.89亿
1359,000567,海德股份,1.51亿,1.50亿
1360,000568,泸州老窖,14.0亿,14.0亿
1361,000569,长城股份,0,0
1362,000570,苏常柴Ａ,5.61亿,4.11亿
1363,000571,新大洲Ａ,8.14亿,7.36亿
1364,000572,海马汽车,16.4亿,16.4亿
1365,000573,粤宏远Ａ,6.23亿,6.22亿
1366,000576,广东甘化,4.43亿,4.34亿
1367,000578,盐湖集团,0,0
1368,000581,威孚高科,10.1亿,8.36亿
1369,000582,北部湾港,9.54亿,2.64亿
1370,000583,S*ST托普,0,0
1371,000584,友利控股,6.13亿,6.11亿
1372,000585,东北电气,8.73亿,6.09亿
1373,000586,汇源通信,1.93亿,1.93亿
1374,000587,金洲慈航,10.6亿,5.57亿
1375,000588,PT粤金曼,0,0
1376,000589,黔轮胎Ａ,7.75亿,7.45亿
1377,000590,启迪古汉,2.23亿,2.23亿
1378,000591,太阳能,13.7亿,2.41亿
1379,000592,平潭发展,19.3亿,16.8亿
1380,000593,大通燃气,3.59亿,2.23亿
1381,000594,国恒退,14.9亿,14.9亿
1382,000595,宝塔实业,3.72亿,2.48亿
1383,000596,古井贡酒,5.04亿,3.84亿
1384,000597,东北制药,4.75亿,4.39亿
1385,000598,兴蓉环境,29.9亿,29.9亿
1386,000599,青岛双星,6.75亿,6.28亿
1387,000600,建投能源,17.9亿,10.9亿
1388,000601,韶能股份,10.8亿,10.8亿
1389,000602,金马集团,0,0
1390,000603,盛达矿业,7.23亿,4.09亿
1391,000605,渤海股份,1.95亿,1.18亿
1392,000606,*ST易桥,7.66亿,4.69亿
1393,000607,华媒控股,10.2亿,4.87亿
1394,000608,阳光股份,7.50亿,7.50亿
1395,000609,绵石投资,2.98亿,2.66亿
1396,000610,西安旅游,2.37亿,2.35亿
1397,000611,*ST天首,3.22亿,3.19亿
1398,000612,焦作万方,11.9亿,9.90亿
1399,000613,大东海A,3.64亿,2.66亿
1400,000615,京汉股份,7.80亿,3.54亿
1401,000616,海航投资,14.3亿,14.3亿
1402,000617,*ST济柴,2.88亿,2.88亿
1403,000618,吉林化工,0,0
1404,000619,海螺型材,3.60亿,3.60亿
1405,000620,新华联,19.0亿,18.4亿
1406,000621,*ST比特,0,0
1407,000622,*ST恒立,4.25亿,4.25亿
1408,000623,吉林敖东,8.94亿,8.07亿
1409,000625,长安汽车,46.6亿,33.9亿
1410,000626,如意集团,2.99亿,2.02亿
1411,000627,天茂集团,42.6亿,13.5亿
1412,000628,高新发展,3.11亿,1.88亿
1413,000629,*ST钒钛,85.9亿,47.7亿
1414,000630,铜陵有色,95.6亿,95.6亿
1415,000631,顺发恒业,24.3亿,21.7亿
1416,000632,三木集团,4.66亿,4.65亿
1417,000633,*ST合金,3.85亿,3.85亿
1418,000635,英 力 特,3.03亿,3.03亿
1419,000636,风华高科,8.95亿,7.50亿
1420,000637,茂化实华,5.20亿,3.66亿
1421,000638,万方发展,3.09亿,3.09亿
1422,000639,西王食品,4.55亿,3.77亿
1423,000650,仁和药业,12.4亿,12.4亿
1424,000651,格力电器,60.2亿,59.7亿
1425,000652,泰达股份,14.8亿,14.7亿
1426,000653,ST九州,0,0
1427,000655,金岭矿业,5.95亿,5.95亿
1428,000656,金科股份,43.3亿,37.7亿
1429,000657,中钨高新,6.29亿,2.46亿
1430,000658,ST海洋,0,0
1431,000659,珠海中富,12.9亿,12.9亿
1432,000660,*ST南华,0,0
1433,000661,长春高新,1.70亿,1.70亿
1434,000662,天夏智慧,8.41亿,2.88亿
1435,000663,永安林业,3.41亿,1.70亿
1436,000665,湖北广电,6.36亿,4.61亿
1437,000666,经纬纺机,7.04亿,2.94亿
1438,000667,美好集团,25.6亿,25.6亿
1439,000668,荣丰控股,1.47亿,1.47亿
1440,000669,金鸿能源,4.86亿,4.79亿
1441,000670,*ST盈方,8.17亿,6.00亿
1442,000671,阳 光 城,40.5亿,32.4亿
1443,000672,上峰水泥,8.14亿,8.14亿
1444,000673,当代东方,7.93亿,4.15亿
1445,000675,ST银山,0,0
1446,000676,智度股份,9.66亿,3.14亿
1447,000677,恒天海龙,8.64亿,8.64亿
1448,000678,襄阳轴承,4.60亿,4.29亿
1449,000679,大连友谊,3.56亿,3.56亿
1450,000680,山推股份,12.4亿,10.6亿
1451,000681,视觉中国,7.01亿,1.97亿
1452,000682,东方电子,9.78亿,9.78亿
1453,000683,远兴能源,29.1亿,20.9亿
1454,000685,中山公用,14.8亿,9.97亿
1455,000686,东北证券,23.4亿,20.9亿
1456,000687,华讯方舟,7.57亿,5.31亿
1457,000688,建新矿业,11.4亿,11.4亿
1458,000689,ST宏业,0,0
1459,000690,宝新能源,21.8亿,17.2亿
1460,000691,ST亚太,3.23亿,2.90亿
1461,000692,惠天热电,5.33亿,5.33亿
1462,000693,ST华泽,5.43亿,2.58亿
1463,000695,滨海能源,2.22亿,2.22亿
1464,000697,炼石有色,5.60亿,4.54亿
1465,000698,沈阳化工,8.20亿,4.32亿
1466,000699,S*ST佳纸,0,0
1467,000700,模塑科技,7.17亿,6.97亿
1468,000701,厦门信达,4.07亿,2.90亿
1469,000702,正虹科技,2.67亿,2.67亿
1470,000703,恒逸石化,13.0亿,11.5亿
1471,000705,浙江震元,3.34亿,2.82亿
1472,000707,双环科技,4.64亿,4.64亿
1473,000708,大冶特钢,4.49亿,4.49亿
1474,000709,河钢股份,106亿,106亿
1475,000710,天兴仪表,1.51亿,1.51亿
1476,000711,京蓝科技,1.61亿,1.61亿
1477,000712,锦龙股份,8.96亿,8.30亿
1478,000713,丰乐种业,2.99亿,2.99亿
1479,000715,中兴商业,2.79亿,2.79亿
1480,000716,黑芝麻,6.39亿,5.84亿
1481,000717,*ST韶钢,24.2亿,24.2亿
1482,000718,苏宁环球,30.3亿,19.1亿
1483,000719,大地传媒,10.2亿,6.67亿
1484,000720,新能泰山,8.63亿,8.63亿
1485,000721,西安饮食,4.99亿,4.35亿
1486,000722,湖南发展,4.64亿,4.64亿
1487,000723,美锦能源,22.8亿,1.95亿
1488,000725,京东方Ａ,352亿,240亿
1489,000726,鲁 泰Ａ,9.23亿,5.61亿
1490,000727,华东科技,45.3亿,24.4亿
1491,000728,国元证券,19.6亿,19.6亿
1492,000729,燕京啤酒,28.2亿,25.1亿
1493,000730,*ST环保,0,0
1494,000731,四川美丰,5.91亿,5.91亿
1495,000732,泰禾集团,12.4亿,10.2亿
1496,000733,振华科技,4.69亿,4.29亿
1497,000735,罗 牛 山,11.5亿,8.79亿
1498,000736,中房地产,2.97亿,2.97亿
1499,000737,南风化工,5.49亿,5.49亿
1500,000738,中航动控,11.5亿,11.5亿
1501,000739,普洛药业,11.5亿,10.6亿
1502,000748,长城信息,8.15亿,8.02亿
1503,000750,国海证券,42.2亿,42.2亿
1504,000751,锌业股份,14.1亿,14.1亿
1505,000752,西藏发展,2.64亿,2.64亿
1506,000753,漳州发展,8.84亿,8.19亿
1507,000755,山西三维,4.69亿,4.69亿
1508,000756,新华制药,4.57亿,3.07亿
1509,000757,浩物股份,4.52亿,3.66亿
1510,000758,中色股份,19.7亿,19.7亿
1511,000759,中百集团,6.81亿,6.81亿
1512,000760,斯太尔,7.88亿,3.32亿
1513,000761,本钢板材,31.4亿,27.4亿
1514,000762,西藏矿业,5.21亿,4.76亿
1515,000763,锦州石化,0,0
1516,000765,*ST华信,0,0
1517,000766,通化金马,9.66亿,4.49亿
1518,000767,漳泽电力,22.5亿,22.5亿
1519,000768,中航飞机,27.7亿,27.7亿
1520,000769,*ST大菲,0,0
1521,000776,广发证券,76.2亿,59.2亿
1522,000777,中核科技,3.83亿,3.83亿
1523,000778,新兴铸管,36.4亿,36.4亿
1524,000779,三毛派神,1.86亿,1.86亿
1525,000780,平庄能源,10.1亿,10.1亿
1526,000782,美达股份,5.28亿,4.03亿
1527,000783,长江证券,55.3亿,47.4亿
1528,000785,武汉中商,2.51亿,2.51亿
1529,000786,北新建材,14.1亿,13.8亿
1530,000787,*ST创智,0,0
1531,000788,北大医药,5.96亿,5.59亿
1532,000789,万年青,6.13亿,6.13亿
1533,000790,华神集团,4.31亿,4.30亿
1534,000791,甘肃电投,9.71亿,7.22亿
1535,000792,盐湖股份,18.6亿,15.7亿
1536,000793,华闻传媒,20.2亿,18.3亿
1537,000795,英洛华,11.3亿,6.53亿
1538,000796,凯撒旅游,8.03亿,2.46亿
1539,000797,中国武夷,5.00亿,4.28亿
1540,000798,中水渔业,3.19亿,3.19亿
1541,000799,酒鬼酒,3.25亿,2.24亿
1542,000800,一汽轿车,16.3亿,14.1亿
1543,000801,四川九洲,10.2亿,10.2亿
1544,000802,北京文化,7.24亿,3.78亿
1545,000803,金宇车城,1.28亿,9769万
1546,000805,*ST炎黄,0,0
1547,000806,银河生物,11.0亿,6.98亿
1548,000807,云铝股份,19.0亿,17.2亿
1549,000809,铁岭新城,8.25亿,8.25亿
1550,000810,创维数字,9.99亿,3.92亿
1551,000811,烟台冰轮,4.35亿,3.95亿
1552,000812,陕西金叶,4.47亿,4.46亿
1553,000813,天山纺织,4.67亿,3.63亿
1554,000815,美利云,6.95亿,3.17亿
1555,000816,智慧农业,14.2亿,10.9亿
1556,000817,辽河油田,0,0
1557,000818,方大化工,6.80亿,6.80亿
1558,000819,岳阳兴长,2.58亿,2.58亿
1559,000820,金城股份,2.88亿,2.21亿
1560,000821,京山轻机,4.78亿,3.45亿
1561,000822,山东海化,8.95亿,8.95亿
1562,000823,超声电子,5.37亿,5.37亿
1563,000825,太钢不锈,57.0亿,57.0亿
1564,000826,启迪桑德,8.54亿,8.47亿
1565,000827,*ST长兴,0,0
1566,000828,东莞控股,10.4亿,10.4亿
1567,000829,天音控股,9.59亿,9.47亿
1568,000830,鲁西化工,14.6亿,14.6亿
1569,000831,*ST五稀,9.81亿,9.81亿
1570,000832,*ST龙涤,0,0
1571,000833,贵糖股份,6.68亿,2.96亿
1572,000835,长城动漫,3.27亿,3.03亿
1573,000836,鑫茂科技,12.1亿,11.8亿
1574,000837,秦川机床,6.93亿,4.81亿
1575,000838,财信发展,11.0亿,6.32亿
1576,000839,中信国安,39.2亿,39.2亿
1577,000848,承德露露,9.79亿,9.78亿
1578,000850,华茂股份,9.44亿,9.43亿
1579,000851,高鸿股份,5.91亿,5.17亿
1580,000852,石化机械,5.98亿,5.98亿
1581,000856,*ST冀装,2.27亿,2.27亿
1582,000858,五 粮 液,38.0亿,38.0亿
1583,000859,国风塑业,7.39亿,7.39亿
1584,000860,顺鑫农业,5.71亿,5.63亿
1585,000861,海印股份,22.5亿,17.6亿
1586,000862,银星能源,5.42亿,3.34亿
1587,000863,三湘股份,13.8亿,9.11亿
1588,000866,扬子石化,0,0
1589,000868,安凯客车,6.96亿,6.96亿
1590,000869,张 裕Ａ,6.85亿,4.53亿
1591,000875,吉电股份,14.6亿,11.2亿
1592,000876,新 希 望,41.7亿,34.6亿
1593,000877,天山股份,8.80亿,8.80亿
1594,000878,云南铜业,14.2亿,14.2亿
1595,000880,潍柴重机,2.76亿,1.35亿
1596,000881,大连国际,3.09亿,3.08亿
1597,000882,华联股份,22.3亿,18.8亿
1598,000883,湖北能源,65.1亿,53.5亿
1599,000885,同力水泥,4.75亿,4.27亿
1600,000886,海南高速,9.89亿,9.65亿
1601,000887,中鼎股份,12.1亿,11.1亿
1602,000888,峨眉山Ａ,5.27亿,5.27亿
1603,000889,茂业通信,6.22亿,4.45亿
1604,000890,法 尔 胜,3.80亿,3.80亿
1605,000892,星美联合,4.14亿,3.07亿
1606,000893,东凌国际,7.57亿,4.01亿
1607,000895,双汇发展,33.0亿,18.2亿
1608,000897,津滨发展,16.2亿,16.2亿
1609,000898,鞍钢股份,72.3亿,61.5亿
1610,000899,赣能股份,9.76亿,5.55亿
1611,000900,现代投资,10.1亿,10.1亿
1612,000901,航天科技,3.24亿,3.24亿
1613,000902,新洋丰,13.2亿,6.13亿
1614,000903,云内动力,7.99亿,7.91亿
1615,000905,厦门港务,5.31亿,5.31亿
1616,000906,物产中拓,3.93亿,3.31亿
1617,000908,景峰医药,8.80亿,4.80亿
1618,000909,数源科技,2.94亿,2.94亿
1619,000910,大亚科技,5.31亿,5.28亿
1620,000911,南宁糖业,3.24亿,3.24亿
1621,000912,泸天化,5.85亿,5.85亿
1622,000913,*ST钱江,4.54亿,4.53亿
1623,000915,山大华特,1.80亿,1.79亿
1624,000916,华北高速,10.9亿,10.9亿
1625,000917,电广传媒,14.2亿,10.6亿
1626,000918,嘉凯城,18.0亿,18.0亿
1627,000919,金陵药业,5.04亿,5.03亿
1628,000920,南方汇通,4.22亿,4.22亿
1629,000921,海信科龙,13.6亿,9.02亿
1630,000922,佳电股份,5.44亿,4.58亿
1631,000923,河北宣工,1.98亿,1.98亿
1632,000925,众合科技,3.20亿,3.06亿
1633,000926,福星股份,9.49亿,7.11亿
1634,000927,一汽夏利,16.0亿,16.0亿
1635,000928,中钢国际,6.43亿,4.13亿
1636,000929,兰州黄河,1.86亿,1.86亿
1637,000930,中粮生化,9.64亿,9.64亿
1638,000931,中 关 村,6.75亿,6.68亿
1639,000932,华菱钢铁,30.2亿,30.2亿
1640,000933,*ST神火,19.0亿,18.9亿
1641,000935,四川双马,7.63亿,6.29亿
1642,000936,华西股份,8.86亿,7.48亿
1643,000937,冀中能源,35.3亿,28.7亿
1644,000938,紫光股份,10.4亿,2.06亿
1645,000939,凯迪生态,15.1亿,9.41亿
1646,000948,南天信息,2.47亿,2.31亿
1647,000949,新乡化纤,10.3亿,10.3亿
1648,000950,*ST建峰,5.99亿,5.99亿
1649,000951,中国重汽,6.71亿,6.71亿
1650,000952,广济药业,2.52亿,2.52亿
1651,000953,河池化工,2.94亿,2.94亿
1652,000955,欣龙控股,5.38亿,5.38亿
1653,000956,中原油气,0,0
1654,000957,中通客车,5.93亿,4.77亿
1655,000958,东方能源,5.51亿,2.50亿
1656,000959,首钢股份,52.9亿,12.1亿
1657,000960,锡业股份,14.7亿,11.5亿
1658,000961,中南建设,37.1亿,29.1亿
1659,000962,*ST东钽,4.41亿,4.41亿
1660,000963,华东医药,4.86亿,4.34亿
1661,000965,天保基建,10.1亿,10.1亿
1662,000966,长源电力,11.1亿,11.1亿
1663,000967,盈峰环境,7.27亿,4.10亿
1664,000968,*ST煤气,5.14亿,5.14亿
1665,000969,安泰科技,10.3亿,8.61亿
1666,000970,中科三环,10.7亿,10.7亿
1667,000971,高升控股,4.31亿,2.43亿
1668,000972,中基健康,7.71亿,7.71亿
1669,000973,佛塑科技,9.67亿,7.72亿
1670,000975,银泰资源,10.8亿,8.79亿
1671,000976,春晖股份,16.0亿,5.87亿
1672,000977,浪潮信息,9.99亿,9.60亿
1673,000978,桂林旅游,3.60亿,3.60亿
1674,000979,中弘股份,59.9亿,46.1亿
1675,000980,金马股份,5.28亿,5.28亿
1676,000981,银亿股份,25.8亿,25.7亿
1677,000982,中银绒业,18.1亿,12.9亿
1678,000983,西山煤电,31.5亿,31.5亿
1679,000985,大庆华科,1.30亿,1.30亿
1680,000987,越秀金控,22.2亿,5.38亿
1681,000988,华工科技,8.91亿,8.91亿
1682,000989,九 芝 堂,8.69亿,2.46亿
1683,000990,诚志股份,3.88亿,2.97亿
1684,000991,通海高科,3.50亿,0
1685,000993,闽东电力,3.73亿,3.73亿
1686,000995,*ST皇台,1.77亿,1.77亿
1687,000996,中国中期,2.30亿,2.30亿
1688,000997,新 大 陆,9.39亿,9.23亿
1689,000998,隆平高科,12.6亿,8.31亿
1690,000999,华润三九,9.79亿,9.78亿
1691,001696,宗申动力,11.5亿,8.91亿
1692,001896,豫能控股,8.55亿,6.62亿
1693,001979,招商蛇口,79.0亿,17.7亿
1694,002001,新 和 成,10.9亿,10.7亿
1695,002002,鸿达兴业,24.2亿,20.6亿
1696,002003,伟星股份,4.36亿,3.58亿
1697,002004,华邦健康,20.3亿,13.4亿
1698,002005,德豪润达,14.0亿,11.7亿
1699,002006,精功科技,4.55亿,4.43亿
1700,002007,华兰生物,9.30亿,8.04亿
1701,002008,大族激光,10.7亿,9.91亿
1702,002009,天奇股份,3.65亿,2.62亿
1703,002010,传化股份,32.6亿,4.13亿
1704,002011,盾安环境,9.17亿,8.40亿
1705,002012,凯恩股份,4.68亿,4.68亿
1706,002013,中航机电,16.0亿,5.72亿
1707,002014,永新股份,3.36亿,2.31亿
1708,002015,霞客环保,4.01亿,3.82亿
1709,002016,世荣兆业,8.09亿,6.46亿
1710,002017,东信和平,3.47亿,3.42亿
1711,002018,华信国际,22.8亿,22.8亿
1712,002019,亿帆鑫富,11.0亿,5.60亿
1713,002020,京新药业,6.39亿,4.63亿
1714,002021,中捷资源,6.88亿,5.68亿
1715,002022,科华生物,5.13亿,3.80亿
1716,002023,海特高新,7.57亿,6.59亿
1717,002024,苏宁云商,93.1亿,50.2亿
1718,002025,航天电器,4.29亿,4.29亿
1719,002026,山东威达,4.20亿,3.54亿
1720,002027,分众传媒,87.4亿,5.07亿
1721,002028,思源电气,7.57亿,5.76亿
1722,002029,七 匹 狼,7.56亿,7.54亿
1723,002030,达安基因,7.25亿,6.94亿
1724,002031,巨轮智能,22.0亿,18.7亿
1725,002032,苏 泊 尔,6.32亿,4.18亿
1726,002033,丽江旅游,4.23亿,4.23亿
1727,002034,美 欣 达,1.08亿,6094万
1728,002035,华帝股份,3.63亿,3.35亿
1729,002036,联创电子,5.82亿,2.58亿
1730,002037,久联发展,3.27亿,3.27亿
1731,002038,双鹭药业,6.85亿,5.67亿
1732,002039,黔源电力,3.05亿,3.05亿
1733,002040,南 京 港,2.46亿,2.46亿
1734,002041,登海种业,8.80亿,8.74亿
1735,002042,华孚色纺,8.33亿,8.32亿
1736,002043,兔 宝 宝,8.28亿,4.68亿
1737,002044,美年健康,24.2亿,10.1亿
1738,002045,国光电器,4.17亿,4.15亿
1739,002046,轴研科技,3.54亿,3.41亿
1740,002047,宝鹰股份,12.6亿,6.82亿
1741,002048,宁波华翔,5.30亿,4.61亿
1742,002049,紫光国芯,6.07亿,5.96亿
1743,002050,三花股份,18.0亿,15.2亿
1744,002051,中工国际,9.28亿,9.20亿
1745,002052,同洲电子,7.46亿,5.58亿
1746,002053,云南能投,5.58亿,3.72亿
1747,002054,德美化工,4.19亿,3.15亿
1748,002055,得润电子,4.51亿,4.03亿
1749,002056,横店东磁,8.22亿,8.22亿
1750,002057,中钢天源,1.99亿,1.99亿
1751,002058,威 尔 泰,1.43亿,1.43亿
1752,002059,云南旅游,7.31亿,5.22亿
1753,002060,粤 水 电,6.01亿,6.01亿
1754,002061,*ST江化,5.56亿,4.53亿
1755,002062,宏润建设,11.0亿,9.42亿
1756,002063,远光软件,5.91亿,5.26亿
1757,002064,华峰氨纶,16.8亿,15.1亿
1758,002065,东华软件,15.7亿,13.7亿
1759,002066,瑞泰科技,2.31亿,2.31亿
1760,002067,景兴纸业,10.9亿,9.60亿
1761,002068,黑猫股份,6.07亿,6.07亿
1762,002069,*ST獐岛,7.11亿,6.81亿
1763,002070,众和股份,6.35亿,5.67亿
1764,002071,长城影视,5.25亿,3.21亿
1765,002072,凯瑞德,1.76亿,1.76亿
1766,002073,软控股份,8.15亿,6.26亿
1767,002074,国轩高科,8.76亿,4.68亿
1768,002075,沙钢股份,22.1亿,22.1亿
1769,002076,雪 莱 特,3.67亿,2.09亿
1770,002077,大港股份,5.80亿,2.52亿
1771,002078,太阳纸业,25.4亿,25.3亿
1772,002079,苏州固锝,7.28亿,7.26亿
1773,002080,中材科技,8.07亿,1.83亿
1774,002081,金 螳 螂,26.4亿,25.2亿
1775,002082,栋梁新材,2.38亿,2.05亿
1776,002083,孚日股份,9.08亿,8.56亿
1777,002084,海鸥卫浴,4.56亿,4.05亿
1778,002085,万丰奥威,18.2亿,16.6亿
1779,002086,东方海洋,6.88亿,4.76亿
1780,002087,新野纺织,6.28亿,5.20亿
1781,002088,鲁阳节能,2.34亿,1.37亿
1782,002089,新 海 宜,6.87亿,4.89亿
1783,002090,金智科技,2.36亿,1.98亿
1784,002091,江苏国泰,5.47亿,5.30亿
1785,002092,中泰化学,21.5亿,9.84亿
1786,002093,国脉科技,8.65亿,8.53亿
1787,002094,青岛金王,3.77亿,3.22亿
1788,002095,生 意 宝,2.53亿,2.52亿
1789,002096,南岭民爆,3.71亿,3.71亿
1790,002097,山河智能,7.55亿,6.29亿
1791,002098,浔兴股份,3.58亿,1.99亿
1792,002099,海翔药业,16.2亿,8.15亿
1793,002100,天康生物,9.63亿,7.09亿
1794,002101,广东鸿图,2.48亿,2.48亿
1795,002102,冠福股份,7.29亿,4.03亿
1796,002103,广博股份,4.58亿,2.63亿
1797,002104,恒宝股份,7.14亿,7.09亿
1798,002105,信隆健康,3.69亿,3.69亿
1799,002106,莱宝高科,7.06亿,7.04亿
1800,002107,沃华医药,3.61亿,3.49亿
1801,002108,沧州明珠,6.18亿,6.14亿
1802,002109,*ST兴化,3.58亿,3.58亿
1803,002110,三钢闽光,9.18亿,5.35亿
1804,002111,威海广泰,3.82亿,2.64亿
1805,002112,三变科技,2.02亿,1.83亿
1806,002113,天润数娱,7.54亿,4.73亿
1807,002114,罗平锌电,2.72亿,8621万
1808,002115,三维通信,4.16亿,3.43亿
1809,002116,中国海诚,4.16亿,4.13亿
1810,002117,东港股份,3.64亿,3.64亿
1811,002118,紫鑫药业,6.40亿,5.13亿
1812,002119,康强电子,2.06亿,2.02亿
1813,002120,新海股份,1.50亿,9822万
1814,002121,科陆电子,11.9亿,6.97亿
1815,002122,天马股份,11.9亿,10.9亿
1816,002123,梦网荣信,8.62亿,4.55亿
1817,002124,天邦股份,6.37亿,3.07亿
1818,002125,湘潭电化,2.16亿,1.39亿
1819,002126,银轮股份,7.21亿,6.09亿
1820,002127,南极电商,15.4亿,8.93亿
1821,002128,露天煤业,16.3亿,15.9亿
1822,002129,中环股份,26.4亿,23.0亿
1823,002130,沃尔核材,5.69亿,4.31亿
1824,002131,利欧股份,16.1亿,6.87亿
1825,002132,恒星科技,10.6亿,7.14亿
1826,002133,广宇集团,7.74亿,6.02亿
1827,002134,天津普林,2.46亿,2.46亿
1828,002135,东南网架,8.55亿,6.71亿
1829,002136,安 纳 达,2.15亿,2.13亿
1830,002137,麦达数字,5.76亿,2.55亿
1831,002138,顺络电子,7.41亿,6.73亿
1832,002139,拓邦股份,4.52亿,2.87亿
1833,002140,东华科技,4.46亿,4.39亿
1834,002141,蓉胜超微,3.24亿,1.82亿
1835,002142,宁波银行,39.0亿,34.5亿
1836,002143,印纪传媒,11.1亿,2.25亿
1837,002144,宏达高科,1.77亿,1.32亿
1838,002145,中核钛白,15.9亿,10.2亿
1839,002146,荣盛发展,43.5亿,33.6亿
1840,002147,新光圆成,14.1亿,2.24亿
1841,002148,北纬通信,2.56亿,2.04亿
1842,002149,西部材料,2.13亿,1.75亿
1843,002150,通润装备,2.50亿,2.50亿
1844,002151,北斗星通,5.06亿,2.31亿
1845,002152,广电运通,16.2亿,12.9亿
1846,002153,石基信息,10.7亿,4.89亿
1847,002154,报 喜 鸟,11.7亿,10.7亿
1848,002155,湖南黄金,11.3亿,9.96亿
1849,002156,通富微电,9.73亿,9.72亿
1850,002157,正邦科技,20.1亿,11.7亿
1851,002158,汉钟精机,5.30亿,5.30亿
1852,002159,三特索道,1.39亿,1.34亿
1853,002160,常铝股份,7.24亿,4.35亿
1854,002161,远 望 谷,7.40亿,6.98亿
1855,002162,悦心健康,8.52亿,8.15亿
1856,002163,中航三鑫,8.04亿,7.42亿
1857,002164,宁波东力,4.46亿,4.14亿
1858,002165,红 宝 丽,6.02亿,5.28亿
1859,002166,莱茵生物,4.37亿,3.49亿
1860,002167,东方锆业,6.21亿,4.72亿
1861,002168,深圳惠程,7.81亿,7.57亿
1862,002169,智光电气,3.16亿,1.89亿
1863,002170,芭田股份,8.77亿,6.46亿
1864,002171,楚江新材,4.45亿,3.25亿
1865,002172,澳洋科技,6.95亿,5.51亿
1866,002173,*ST创疗,4.57亿,1.40亿
1867,002174,游族网络,8.61亿,2.80亿
1868,002175,东方网络,7.54亿,5.18亿
1869,002176,江特电机,14.7亿,11.5亿
1870,002177,御银股份,7.61亿,6.22亿
1871,002178,延华智能,7.27亿,5.74亿
1872,002179,中航光电,6.03亿,6.02亿
1873,002180,艾派克,9.96亿,1.89亿
1874,002181,粤 传 媒,11.6亿,11.4亿
1875,002182,云海金属,3.23亿,2.20亿
1876,002183,怡 亚 通,21.0亿,21.0亿
1877,002184,海得控制,2.39亿,1.34亿
1878,002185,华天科技,10.7亿,9.06亿
1879,002186,全 聚 德,3.08亿,2.81亿
1880,002187,广百股份,3.42亿,3.42亿
1881,002188,巴士在线,3.00亿,1.56亿
1882,002189,利达光电,1.99亿,1.99亿
1883,002190,成飞集成,3.45亿,3.45亿
1884,002191,劲嘉股份,13.2亿,13.0亿
1885,002192,融捷股份,2.60亿,1.90亿
1886,002193,山东如意,2.62亿,1.60亿
1887,002194,武汉凡谷,5.56亿,4.37亿
1888,002195,二三四五,19.1亿,8.20亿
1889,002196,方正电机,2.65亿,1.25亿
1890,002197,证通电子,5.20亿,3.37亿
1891,002198,嘉应制药,5.08亿,4.05亿
1892,002199,*ST东晶,2.43亿,1.46亿
1893,002200,云投生态,1.84亿,1.08亿
1894,002201,九鼎新材,2.56亿,2.39亿
1895,002202,金风科技,27.4亿,21.6亿
1896,002203,海亮股份,16.7亿,14.7亿
1897,002204,大连重工,19.3亿,19.3亿
1898,002205,国统股份,1.16亿,1.16亿
1899,002206,海 利 得,4.87亿,3.44亿
1900,002207,准油股份,2.39亿,1.77亿
1901,002208,合肥城建,3.20亿,3.19亿
1902,002209,达 意 隆,1.95亿,1.59亿
1903,002210,飞马国际,9.72亿,7.57亿
1904,002211,宏达新材,4.32亿,2.67亿
1905,002212,南洋股份,5.10亿,3.01亿
1906,002213,特 尔 佳,2.06亿,1.65亿
1907,002214,大立科技,4.59亿,3.55亿
1908,002215,诺 普 信,9.14亿,6.93亿
1909,002216,三全食品,8.04亿,5.71亿
1910,002217,合力泰,14.2亿,3.85亿
1911,002218,拓日新能,6.18亿,6.08亿
1912,002219,恒康医疗,18.9亿,13.8亿
1913,002220,天宝股份,5.47亿,3.89亿
1914,002221,东华能源,13.9亿,12.7亿
1915,002222,福晶科技,4.28亿,4.20亿
1916,002223,鱼跃医疗,6.68亿,4.94亿
1917,002224,三 力 士,6.57亿,4.72亿
1918,002225,濮耐股份,8.81亿,5.75亿
1919,002226,江南化工,7.91亿,7.91亿
1920,002227,奥 特 迅,2.21亿,2.20亿
1921,002228,合兴包装,10.4亿,10.4亿
1922,002229,鸿博股份,3.33亿,2.11亿
1923,002230,科大讯飞,13.0亿,11.6亿
1924,002231,奥维通信,3.57亿,2.50亿
1925,002232,启明信息,4.09亿,4.02亿
1926,002233,塔牌集团,8.95亿,7.58亿
1927,002234,民和股份,3.02亿,2.06亿
1928,002235,安妮股份,3.58亿,2.27亿
1929,002236,大华股份,29.0亿,17.1亿
1930,002237,恒邦股份,9.10亿,8.16亿
1931,002238,天威视讯,6.17亿,5.57亿
1932,002239,奥特佳,11.0亿,5.81亿
1933,002240,威华股份,4.91亿,4.20亿
1934,002241,歌尔股份,15.3亿,12.7亿
1935,002242,九阳股份,7.68亿,7.63亿
1936,002243,通产丽星,3.65亿,3.65亿
1937,002244,滨江集团,31.1亿,23.0亿
1938,002245,澳洋顺昌,9.75亿,9.05亿
1939,002246,北化股份,4.14亿,4.14亿
1940,002247,帝龙文化,8.52亿,4.54亿
1941,002248,华东数控,3.07亿,2.37亿
1942,002249,大洋电机,23.7亿,9.16亿
1943,002250,联化科技,8.35亿,5.93亿
1944,002251,步 步 高,7.79亿,6.50亿
1945,002252,上海莱士,27.6亿,20.4亿
1946,002253,川大智胜,2.26亿,1.90亿
1947,002254,泰和新材,6.11亿,6.11亿
1948,002255,海陆重工,6.21亿,4.07亿
1949,002256,彩虹精化,4.71亿,3.13亿
1950,002257,立立电子,7708万,0
1951,002258,利尔化学,5.24亿,5.24亿
1952,002259,升达林业,7.52亿,6.08亿
1953,002260,德奥通航,2.65亿,2.65亿
1954,002261,拓维信息,11.1亿,6.57亿
1955,002262,恩华药业,6.31亿,5.25亿
1956,002263,大 东 南,18.8亿,18.2亿
1957,002264,新 华 都,6.85亿,5.38亿
1958,002265,西仪股份,2.91亿,2.91亿
1959,002266,浙富控股,19.8亿,14.8亿
1960,002267,陕天然气,11.1亿,11.1亿
1961,002268,卫 士 通,4.33亿,3.45亿
1962,002269,美邦服饰,25.3亿,25.1亿
1963,002270,华明装备,5.06亿,1.39亿
1964,002271,东方雨虹,8.31亿,5.72亿
1965,002272,川润股份,4.20亿,3.13亿
1966,002273,水晶光电,6.55亿,6.10亿
1967,002274,华昌化工,6.35亿,4.90亿
1968,002275,桂林三金,5.90亿,5.32亿
1969,002276,万马股份,9.39亿,9.23亿
1970,002277,友阿股份,7.08亿,5.66亿
1971,002278,神开股份,3.64亿,2.97亿
1972,002279,久其软件,5.41亿,1.82亿
1973,002280,联络互动,21.8亿,6.46亿
1974,002281,光迅科技,2.10亿,2.03亿
1975,002282,博深工具,3.38亿,1.88亿
1976,002283,天润曲轴,11.2亿,11.2亿
1977,002284,亚太股份,7.38亿,6.86亿
1978,002285,世联行,20.4亿,17.0亿
1979,002286,保龄宝,3.69亿,2.61亿
1980,002287,奇正藏药,4.06亿,4.06亿
1981,002288,超华科技,9.32亿,6.60亿
1982,002289,*ST宇顺,1.87亿,1.47亿
1983,002290,禾盛新材,2.11亿,1.58亿
1984,002291,星期六,3.99亿,3.63亿
1985,002292,奥飞娱乐,13.1亿,6.74亿
1986,002293,罗莱生活,7.02亿,6.99亿
1987,002294,信立泰,10.5亿,4.59亿
1988,002295,精艺股份,2.52亿,1.83亿
1989,002296,辉煌科技,3.77亿,3.16亿
1990,002297,博云新材,4.71亿,3.65亿
1991,002298,中电鑫龙,6.33亿,3.92亿
1992,002299,圣农发展,11.1亿,9.00亿
1993,002300,太阳电缆,5.43亿,5.43亿
1994,002301,齐心集团,3.74亿,3.54亿
1995,002302,西部建设,10.3亿,9.34亿
1996,002303,美盈森,14.3亿,10.2亿
1997,002304,洋河股份,15.1亿,12.3亿
1998,002305,南国置业,17.3亿,11.9亿
1999,002306,中科云网,8.00亿,6.18亿
2000,002307,北新路桥,5.57亿,5.57亿
2001,002308,威创股份,8.36亿,8.36亿
2002,002309,中利科技,6.41亿,3.63亿
2003,002310,东方园林,25.2亿,14.2亿
2004,002311,海大集团,15.4亿,15.3亿
2005,002312,三泰控股,13.8亿,7.95亿
2006,002313,日海通讯,3.12亿,3.12亿
2007,002314,南山控股,18.8亿,7.38亿
2008,002315,焦点科技,1.18亿,6058万
2009,002316,键桥通讯,3.93亿,3.15亿
2010,002317,众生药业,8.15亿,4.92亿
2011,002318,久立特材,8.42亿,8.16亿
2012,002319,乐通股份,2.00亿,2.00亿
2013,002320,海峡股份,4.26亿,4.26亿
2014,002321,华英农业,5.34亿,4.23亿
2015,002322,理工环科,4.03亿,1.58亿
2016,002323,雅百特,7.46亿,2.61亿
2017,002324,普利特,2.70亿,1.59亿
2018,002325,洪涛股份,12.0亿,9.14亿
2019,002326,永太科技,7.99亿,5.32亿
2020,002327,富安娜,8.52亿,4.73亿
2021,002328,新朋股份,4.48亿,3.25亿
2022,002329,皇氏集团,8.38亿,4.62亿
2023,002330,得利斯,5.02亿,5.02亿
2024,002331,皖通科技,3.50亿,2.78亿
2025,002332,仙琚制药,6.11亿,4.68亿
2026,002333,罗普斯金,5.03亿,4.85亿
2027,002334,英威腾,7.51亿,5.31亿
2028,002335,科华恒盛,2.71亿,1.85亿
2029,002336,*ST人乐,4.00亿,3.39亿
2030,002337,赛象科技,5.94亿,5.66亿
2031,002338,奥普光电,1.20亿,1.19亿
2032,002339,积成电子,3.79亿,2.96亿
2033,002340,格林美,29.1亿,23.3亿
2034,002341,新纶科技,3.73亿,2.78亿
2035,002342,巨力索具,9.60亿,8.66亿
2036,002343,慈文传媒,3.15亿,2.20亿
2037,002344,海宁皮城,11.2亿,11.1亿
2038,002345,潮宏基,8.45亿,8.33亿
2039,002346,柘中股份,4.42亿,7980万
2040,002347,泰尔重工,2.25亿,1.63亿
2041,002348,高乐股份,9.47亿,7.41亿
2042,002349,精华制药,4.20亿,2.98亿
2043,002350,北京科锐,2.18亿,2.18亿
2044,002351,漫步者,5.88亿,2.80亿
2045,002352,鼎泰新材,2.33亿,1.33亿
2046,002353,杰瑞股份,9.58亿,6.74亿
2047,002354,天神娱乐,2.92亿,1.15亿
2048,002355,兴民智通,5.14亿,3.42亿
2049,002356,赫美集团,3.10亿,2.40亿
2050,002357,富临运业,3.13亿,3.13亿
2051,002358,森源电气,9.30亿,7.76亿
2052,002359,齐星铁塔,4.17亿,3.83亿
2053,002360,同德化工,3.92亿,2.44亿
2054,002361,神剑股份,8.63亿,5.46亿
2055,002362,汉王科技,2.14亿,1.76亿
2056,002363,隆基机械,3.86亿,3.86亿
2057,002364,中恒电气,5.64亿,4.23亿
2058,002365,永安药业,1.87亿,1.54亿
2059,002366,台海核电,4.34亿,2.31亿
2060,002367,康力电梯,7.98亿,4.60亿
2061,002368,太极股份,4.16亿,3.63亿
2062,002369,卓翼科技,4.84亿,4.17亿
2063,002370,亚太药业,2.68亿,2.04亿
2064,002371,七星电子,4.58亿,1.64亿
2065,002372,伟星新材,7.76亿,6.80亿
2066,002373,千方科技,11.0亿,4.67亿
2067,002374,丽鹏股份,7.74亿,5.03亿
2068,002375,亚厦股份,13.4亿,10.9亿
2069,002376,新北洋,6.31亿,5.72亿
2070,002377,国创高新,4.35亿,4.32亿
2071,002378,章源钨业,9.24亿,9.23亿
2072,002379,*ST鲁丰,9.26亿,6.76亿
2073,002380,科远股份,2.40亿,1.05亿
2074,002381,双箭股份,4.29亿,2.16亿
2075,002382,蓝帆医疗,4.94亿,4.81亿
2076,002383,合众思壮,1.97亿,1.45亿
2077,002384,东山精密,8.47亿,5.52亿
2078,002385,大北农,41.0亿,23.8亿
2079,002386,天原集团,6.72亿,6.72亿
2080,002387,黑牛食品,4.69亿,2.48亿
2081,002388,新亚制程,4.00亿,3.82亿
2082,002389,南洋科技,7.10亿,5.28亿
2083,002390,信邦制药,17.0亿,7.33亿
2084,002391,长青股份,3.59亿,2.20亿
2085,002392,北京利尔,12.0亿,6.40亿
2086,002393,力生制药,1.82亿,1.82亿
2087,002394,联发股份,3.24亿,3.24亿
2088,002395,双象股份,1.79亿,1.79亿
2089,002396,星网锐捷,5.39亿,5.30亿
2090,002397,梦洁股份,6.79亿,3.32亿
2091,002398,建研集团,3.43亿,2.55亿
2092,002399,海普瑞,12.5亿,12.5亿
2093,002400,省广股份,13.4亿,11.0亿
2094,002401,中海科技,3.03亿,3.00亿
2095,002402,和而泰,3.32亿,2.42亿
2096,002403,爱仕达,3.50亿,2.89亿
2097,002404,嘉欣丝绸,5.21亿,3.99亿
2098,002405,四维图新,10.7亿,10.1亿
2099,002406,远东传动,5.61亿,3.97亿
2100,002407,多氟多,6.28亿,4.76亿
2101,002408,齐翔腾达,17.8亿,16.8亿
2102,002409,雅克科技,3.33亿,1.65亿
2103,002410,广联达,11.2亿,8.66亿
2104,002411,必康股份,15.3亿,2.81亿
2105,002412,汉森制药,2.96亿,2.87亿
2106,002413,雷科防务,10.9亿,7.08亿
2107,002414,高德红外,6.00亿,4.65亿
2108,002415,海康威视,61.0亿,47.1亿
2109,002416,爱施德,10.3亿,9.71亿
2110,002417,三元达,2.70亿,2.10亿
2111,002418,康盛股份,11.4亿,5.54亿
2112,002419,天虹商场,8.00亿,8.00亿
2113,002420,毅昌股份,4.01亿,3.89亿
2114,002421,达实智能,6.42亿,4.59亿
2115,002422,科伦药业,14.4亿,9.25亿
2116,002423,*ST中特,5.03亿,4.66亿
2117,002424,贵州百灵,14.1亿,7.32亿
2118,002425,凯撒文化,5.09亿,2.05亿
2119,002426,胜利精密,29.1亿,18.2亿
2120,002427,尤夫股份,3.98亿,3.98亿
2121,002428,云南锗业,6.53亿,6.42亿
2122,002429,兆驰股份,16.0亿,15.9亿
2123,002430,杭氧股份,8.32亿,8.10亿
2124,002431,棕榈股份,13.8亿,9.04亿
2125,002432,九安医疗,4.33亿,3.72亿
2126,002433,太安堂,7.71亿,6.75亿
2127,002434,万里扬,10.2亿,10.1亿
2128,002435,长江润发,1.98亿,1.84亿
2129,002436,兴森科技,4.96亿,3.24亿
2130,002437,誉衡药业,22.0亿,21.3亿
2131,002438,江苏神通,2.20亿,1.35亿
2132,002439,启明星辰,8.69亿,5.59亿
2133,002440,闰土股份,7.67亿,6.16亿
2134,002441,众业达,5.44亿,3.15亿
2135,002442,龙星化工,4.80亿,1.75亿
2136,002443,金洲管道,5.21亿,5.03亿
2137,002444,巨星科技,10.8亿,9.31亿
2138,002445,中南文化,8.11亿,6.15亿
2139,002446,盛路通信,4.48亿,1.69亿
2140,002447,壹桥海参,9.52亿,5.80亿
2141,002448,中原内配,5.88亿,4.59亿
2142,002449,国星光电,4.76亿,3.35亿
2143,002450,康得新,32.3亿,28.7亿
2144,002451,摩恩电气,4.39亿,4.12亿
2145,002452,长高集团,5.25亿,3.43亿
2146,002453,天马精化,5.71亿,5.19亿
2147,002454,松芝股份,4.22亿,2.22亿
2148,002455,百川股份,4.74亿,2.99亿
2149,002456,欧菲光,10.5亿,10.3亿
2150,002457,青龙管业,3.35亿,2.64亿
2151,002458,益生股份,3.34亿,1.59亿
2152,002459,天业通联,3.89亿,2.04亿
2153,002460,赣锋锂业,7.53亿,5.08亿
2154,002461,珠江啤酒,6.80亿,6.80亿
2155,002462,嘉事堂,2.51亿,2.39亿
2156,002463,沪电股份,16.7亿,16.7亿
2157,002464,金利科技,1.46亿,1.46亿
2158,002465,海格通信,21.5亿,18.4亿
2159,002466,天齐锂业,9.94亿,9.83亿
2160,002467,二六三,7.97亿,5.98亿
2161,002468,艾迪西,3.32亿,3.32亿
2162,002469,三维工程,5.03亿,4.63亿
2163,002470,金正大,31.4亿,27.1亿
2164,002471,中超控股,12.7亿,12.6亿
2165,002472,双环传动,3.38亿,2.11亿
2166,002473,圣莱达,1.60亿,1.58亿
2167,002474,榕基软件,6.22亿,4.41亿
2168,002475,立讯精密,18.9亿,18.7亿
2169,002476,宝莫股份,6.12亿,6.02亿
2170,002477,雏鹰农牧,31.4亿,19.0亿
2171,002478,常宝股份,4.00亿,3.02亿
2172,002479,富春环保,7.96亿,7.30亿
2173,002480,新筑股份,6.45亿,6.26亿
2174,002481,双塔食品,12.6亿,12.2亿
2175,002482,广田集团,15.5亿,13.1亿
2176,002483,润邦股份,4.20亿,3.59亿
2177,002484,江海股份,6.27亿,4.90亿
2178,002485,希努尔,3.20亿,3.20亿
2179,002486,嘉麟杰,8.32亿,8.07亿
2180,002487,大金重工,5.40亿,5.40亿
2181,002488,金固股份,5.08亿,3.85亿
2182,002489,浙江永强,21.8亿,18.7亿
2183,002490,山东墨龙,7.98亿,3.00亿
2184,002491,通鼎互联,12.0亿,11.2亿
2185,002492,恒基达鑫,2.70亿,2.35亿
2186,002493,荣盛石化,25.4亿,20.4亿
2187,002494,华斯股份,3.48亿,2.55亿
2188,002495,佳隆股份,6.68亿,4.76亿
2189,002496,辉丰股份,15.1亿,8.98亿
2190,002497,雅化集团,9.60亿,7.77亿
2191,002498,汉缆股份,33.3亿,33.2亿
2192,002499,科林环保,1.89亿,1.38亿
2193,002500,山西证券,28.3亿,24.9亿
2194,002501,利源精制,9.51亿,6.70亿
2195,002502,骅威文化,8.60亿,4.07亿
2196,002503,搜于特,13.5亿,8.13亿
2197,002504,弘高创意,10.3亿,3.88亿
2198,002505,大康农业,54.9亿,15.5亿
2199,002506,协鑫集成,50.5亿,22.1亿
2200,002507,涪陵榨菜,5.26亿,2.97亿
2201,002508,老板电器,7.30亿,7.10亿
2202,002509,天广中茂,15.6亿,6.34亿
2203,002510,天汽模,8.23亿,6.37亿
2204,002511,中顺洁柔,5.06亿,4.84亿
2205,002512,达华智能,11.0亿,4.19亿
2206,002513,*ST蓝丰,3.40亿,2.13亿
2207,002514,宝馨科技,5.54亿,3.56亿
2208,002515,金字火腿,6.11亿,3.62亿
2209,002516,旷达科技,13.2亿,5.45亿
2210,002517,恺英网络,6.77亿,1.61亿
2211,002518,科士达,4.45亿,4.23亿
2212,002519,银河电子,5.75亿,4.51亿
2213,002520,日发精机,5.54亿,4.69亿
2214,002521,齐峰新材,4.95亿,4.30亿
2215,002522,浙江众成,8.83亿,6.17亿
2216,002523,天桥起重,8.43亿,6.51亿
2217,002524,光正集团,5.03亿,5.00亿
2218,002525,胜景山河,5100万,0
2219,002526,山东矿机,5.34亿,3.95亿
2220,002527,新时达,6.20亿,3.67亿
2221,002528,英飞拓,10.4亿,6.93亿
2222,002529,海源机械,2.60亿,2.00亿
2223,002530,丰东股份,2.68亿,2.68亿
2224,002531,天顺风能,14.8亿,14.7亿
2225,002532,新界泵业,3.22亿,2.30亿
2226,002533,金杯电工,5.53亿,5.07亿
2227,002534,杭锅股份,6.17亿,5.93亿
2228,002535,林州重机,8.02亿,5.20亿
2229,002536,西泵股份,3.34亿,3.04亿
2230,002537,海立美达,4.96亿,3.00亿
2231,002538,司尔特,7.18亿,7.00亿
2232,002539,云图控股,10.1亿,4.07亿
2233,002540,亚太科技,10.4亿,7.05亿
2234,002541,鸿路钢构,3.49亿,1.66亿
2235,002542,中化岩土,17.5亿,6.22亿
2236,002543,万和电气,4.40亿,3.37亿
2237,002544,杰赛科技,5.16亿,5.11亿
2238,002545,东方铁塔,7.81亿,3.42亿
2239,002546,新联电子,8.34亿,6.57亿
2240,002547,春兴精工,10.1亿,6.84亿
2241,002548,金新农,3.81亿,3.09亿
2242,002549,凯美特气,5.67亿,5.67亿
2243,002550,千红制药,12.8亿,8.14亿
2244,002551,尚荣医疗,4.44亿,2.69亿
2245,002552,宝鼎科技,3.00亿,2.00亿
2246,002553,南方轴承,3.48亿,2.21亿
2247,002554,惠博普,10.7亿,5.68亿
2248,002555,三七互娱,20.8亿,3.17亿
2249,002556,辉隆股份,7.18亿,6.98亿
2250,002557,洽洽食品,5.07亿,5.07亿
2251,002558,世纪游轮,16.9亿,6440万
2252,002559,亚威股份,3.73亿,3.04亿
2253,002560,通达股份,4.28亿,2.65亿
2254,002561,徐家汇,4.16亿,3.96亿
2255,002562,兄弟科技,5.41亿,2.17亿
2256,002563,森马服饰,26.9亿,18.3亿
2257,002564,天沃科技,7.40亿,5.22亿
2258,002565,上海绿新,6.97亿,6.85亿
2259,002566,益盛药业,3.31亿,2.00亿
2260,002567,唐人神,4.93亿,4.20亿
2261,002568,百润股份,8.96亿,3.77亿
2262,002569,步森股份,1.40亿,1.37亿
2263,002570,贝因美,10.2亿,10.2亿
2264,002571,德力股份,3.92亿,2.53亿
2265,002572,索菲亚,4.62亿,2.89亿
2266,002573,清新环境,10.7亿,10.7亿
2267,002574,明牌珠宝,5.28亿,5.28亿
2268,002575,群兴玩具,5.89亿,5.89亿
2269,002576,通达动力,1.65亿,1.19亿
2270,002577,雷柏科技,2.84亿,2.81亿
2271,002578,闽发铝业,4.29亿,2.74亿
2272,002579,中京电子,3.50亿,3.50亿
2273,002580,圣阳股份,2.21亿,1.69亿
2274,002581,未名医药,6.60亿,2.23亿
2275,002582,好想你,1.48亿,9796万
2276,002583,海能达,17.3亿,8.41亿
2277,002584,西陇科学,5.85亿,2.59亿
2278,002585,双星新材,7.17亿,5.39亿
2279,002586,围海股份,7.28亿,6.93亿
2280,002587,奥拓电子,3.78亿,2.40亿
2281,002588,史丹利,11.7亿,7.11亿
2282,002589,瑞康医药,6.54亿,3.00亿
2283,002590,万安科技,4.80亿,3.62亿
2284,002591,恒大高新,2.61亿,1.67亿
2285,002592,八菱科技,2.83亿,1.29亿
2286,002593,日上集团,6.99亿,4.56亿
2287,002594,比亚迪,27.3亿,8.40亿
2288,002595,豪迈科技,8.00亿,4.68亿
2289,002596,海南瑞泽,3.25亿,1.87亿
2290,002597,金禾实业,5.65亿,5.54亿
2291,002598,山东章鼓,3.12亿,2.71亿
2292,002599,盛通股份,1.35亿,9113万
2293,002600,江粉磁材,11.8亿,5.13亿
2294,002601,佰利联,20.3亿,5.96亿
2295,002602,世纪华通,10.3亿,5.88亿
2296,002603,以岭药业,11.3亿,8.98亿
2297,002604,龙力生物,6.00亿,4.31亿
2298,002605,姚记扑克,3.74亿,2.69亿
2299,002606,大连电瓷,2.04亿,1.42亿
2300,002607,亚夏汽车,4.56亿,2.69亿
2301,002608,*ST舜船,3.75亿,3.47亿
2302,002609,捷顺科技,6.00亿,3.01亿
2303,002610,爱康科技,11.2亿,6.99亿
2304,002611,东方精工,6.42亿,2.93亿
2305,002612,朗姿股份,4.00亿,2.10亿
2306,002613,北玻股份,7.21亿,4.03亿
2307,002614,蒙发利,5.55亿,2.78亿
2308,002615,哈尔斯,2.74亿,1.54亿
2309,002616,长青集团,3.79亿,2.24亿
2310,002617,露笑科技,7.35亿,5.60亿
2311,002618,丹邦科技,3.65亿,3.65亿
2312,002619,巨龙管业,8.00亿,2.82亿
2313,002620,瑞和股份,1.45亿,9375万
2314,002621,三垒股份,2.25亿,5625万
2315,002622,永大集团,8.40亿,7.24亿
2316,002623,亚玛顿,1.60亿,1.59亿
2317,002624,完美世界,13.1亿,2.78亿
2318,002625,龙生股份,3.01亿,2.24亿
2319,002626,金达威,5.76亿,5.76亿
2320,002627,宜昌交运,1.34亿,1.31亿
2321,002628,成都路桥,7.37亿,6.80亿
2322,002629,仁智油服,4.12亿,3.37亿
2323,002630,华西能源,7.38亿,6.13亿
2324,002631,德尔未来,6.50亿,2.86亿
2325,002632,道明光学,5.92亿,5.53亿
2326,002633,申科股份,1.50亿,8702万
2327,002634,棒杰股份,4.61亿,2.54亿
2328,002635,安洁科技,3.89亿,2.12亿
2329,002636,金安国纪,7.28亿,2.46亿
2330,002637,赞宇科技,4.17亿,2.36亿
2331,002638,勤上光电,9.37亿,9.31亿
2332,002639,雪人股份,6.74亿,3.75亿
2333,002640,跨境通,14.3亿,7.25亿
2334,002641,永高股份,8.64亿,6.81亿
2335,002642,荣之联,6.36亿,3.44亿
2336,002643,万润股份,3.64亿,3.10亿
2337,002644,佛慈制药,5.11亿,5.11亿
2338,002645,华宏科技,2.09亿,1.44亿
2339,002646,青青稞酒,4.50亿,4.50亿
2340,002647,宏磊股份,2.20亿,2.19亿
2341,002648,卫星石化,8.00亿,8.00亿
2342,002649,博彦科技,1.77亿,1.32亿
2343,002650,加加食品,11.5亿,11.3亿
2344,002651,利君股份,10.0亿,3.78亿
2345,002652,扬子新材,3.20亿,2.60亿
2346,002653,海思科,10.8亿,4.52亿
2347,002654,万润科技,8.03亿,3.90亿
2348,002655,共达电声,3.60亿,3.60亿
2349,002656,摩登大道,4.10亿,2.56亿
2350,002657,中科金财,3.38亿,2.08亿
2351,002658,雪迪龙,6.05亿,3.04亿
2352,002659,中泰桥梁,4.99亿,3.11亿
2353,002660,茂硕电源,2.77亿,1.92亿
2354,002661,克明面业,3.37亿,2.47亿
2355,002662,京威股份,7.50亿,5.76亿
2356,002663,普邦园林,17.1亿,10.4亿
2357,002664,信质电机,4.00亿,3.21亿
2358,002665,首航节能,19.7亿,15.4亿
2359,002666,德联集团,7.54亿,4.44亿
2360,002667,鞍重股份,1.36亿,8624万
2361,002668,奥马电器,1.65亿,1.21亿
2362,002669,康达新材,2.00亿,1.57亿
2363,002670,国盛金控,9.36亿,1.29亿
2364,002671,龙泉股份,4.81亿,3.12亿
2365,002672,东江环保,8.69亿,4.37亿
2366,002673,西部证券,28.0亿,28.0亿
2367,002674,兴业科技,3.03亿,2.41亿
2368,002675,东诚药业,6.62亿,3.77亿
2369,002676,顺威股份,4.00亿,4.00亿
2370,002677,浙江美大,6.40亿,2.80亿
2371,002678,珠江钢琴,9.56亿,9.54亿
2372,002679,福建金森,1.39亿,1.39亿
2373,002680,长生生物,9.69亿,1.26亿
2374,002681,奋达科技,12.5亿,5.98亿
2375,002682,龙洲股份,2.69亿,2.63亿
2376,002683,宏大爆破,7.01亿,4.76亿
2377,002684,猛狮科技,3.29亿,2.09亿
2378,002685,华东重机,6.89亿,5.60亿
2379,002686,亿利达,4.12亿,2.82亿
2380,002687,乔治白,3.55亿,3.18亿
2381,002688,金河生物,6.35亿,5.29亿
2382,002689,远大智能,9.62亿,9.42亿
2383,002690,美亚光电,6.76亿,3.26亿
2384,002691,冀凯股份,2.00亿,1.99亿
2385,002692,远程电缆,7.18亿,4.44亿
2386,002693,双成药业,4.05亿,4.03亿
2387,002694,顾地科技,3.46亿,3.04亿
2388,002695,煌上煌,5.00亿,4.53亿
2389,002696,百洋股份,1.76亿,1.04亿
2390,002697,红旗连锁,13.6亿,7.31亿
2391,002698,博实股份,6.82亿,5.21亿
2392,002699,美盛文化,4.46亿,3.77亿
2393,002700,新疆浩源,4.22亿,3.13亿
2394,002701,奥瑞金,23.6亿,15.2亿
2395,002702,海欣食品,2.93亿,1.64亿
2396,002703,浙江世宝,3.16亿,9719万
2397,002705,新宝股份,5.75亿,1.35亿
2398,002706,良信电器,2.59亿,7187万
2399,002707,众信旅游,8.44亿,3.49亿
2400,002708,光洋股份,4.78亿,1.40亿
2401,002709,天赐材料,3.25亿,1.43亿
2402,002710,慈铭体检,1.20亿,0
2403,002711,欧浦智网,6.60亿,2.51亿
2404,002712,思美传媒,2.86亿,8716万
2405,002713,东易日盛,2.54亿,6242万
2406,002714,牧原股份,10.3亿,3.07亿
2407,002715,登云股份,9200万,5405万
2408,002716,金贵银业,5.03亿,2.90亿
2409,002717,岭南园林,4.01亿,1.54亿
2410,002718,友邦吊顶,8763万,2096万
2411,002719,麦趣尔,1.09亿,3778万
2412,002720,宏良股份,2.36亿,1.88亿
2413,002721,金一文化,6.48亿,2.56亿
2414,002722,金轮股份,1.75亿,4574万
2415,002723,金莱特,1.87亿,5566万
2416,002724,海洋王,4.00亿,6703万
2417,002725,跃岭股份,1.60亿,5296万
2418,002726,龙大肉食,4.45亿,1.08亿
2419,002727,一心堂,5.21亿,2.02亿
2420,002728,台城制药,2.00亿,5701万
2421,002729,好利来,6668万,1768万
2422,002730,电光科技,3.23亿,1.03亿
2423,002731,萃华珠宝,1.51亿,5342万
2424,002732,燕塘乳业,1.57亿,6071万
2425,002733,雄韬股份,3.50亿,1.02亿
2426,002734,利民股份,1.33亿,7846万
2427,002735,王子新材,8000万,2257万
2428,002736,国信证券,82.0亿,22.0亿
2429,002737,葵花药业,2.92亿,1.20亿
2430,002738,中矿资源,1.87亿,8922万
2431,002739,万达院线,11.7亿,4.06亿
2432,002740,爱迪尔,3.00亿,1.27亿
2433,002741,光华科技,3.60亿,1.36亿
2434,002742,三圣特材,2.16亿,7096万
2435,002743,富煌钢构,3.32亿,1.11亿
2436,002745,木林森,5.28亿,7850万
2437,002746,仙坛股份,1.82亿,5635万
2438,002747,埃斯顿,2.76亿,6000万
2439,002748,世龙实业,2.40亿,7387万
2440,002749,国光股份,7500万,1875万
2441,002750,龙津药业,4.00亿,2.25亿
2442,002751,易尚展示,1.40亿,7595万
2443,002752,N兴股份,6.30亿,1.10亿
2444,002753,永东股份,1.48亿,5693万
2445,002755,东方新星,1.01亿,3514万
2446,002756,永兴特钢,3.60亿,1.38亿
2447,002757,南兴装备,1.09亿,3663万
2448,002758,华通医药,1.40亿,7942万
2449,002759,天际股份,2.40亿,8055万
2450,002760,凤形股份,8800万,4543万
2451,002761,多喜爱,1.20亿,5512万
2452,002762,金发拉比,2.02亿,5057万
2453,002763,汇洁股份,2.16亿,6470万
2454,002765,蓝黛传动,2.08亿,7145万
2455,002766,索菱股份,1.83亿,8814万
2456,002767,先锋电子,1.50亿,3750万
2457,002768,国恩股份,2.40亿,8700万
2458,002769,普路通,3.77亿,1.88亿
2459,002770,科迪乳业,5.47亿,2.71亿
2460,002771,真视通,8065万,3585万
2461,002772,众兴菌业,3.73亿,1.58亿
2462,002773,康弘药业,6.75亿,6840万
2463,002775,文科园林,2.48亿,1.14亿
2464,002776,柏堡龙,2.10亿,7466万
2465,002777,久远银海,8000万,2000万
2466,002778,高科石化,8911万,2230万
2467,002779,中坚科技,1.32亿,3300万
2468,002780,三夫户外,6748万,1700万
2469,002781,奇信股份,2.25亿,4500万
2470,002782,可立克,4.26亿,1.06亿
2471,002783,凯龙股份,8347万,2087万
2472,002785,万里石,2.00亿,5000万
2473,002786,银宝山新,3.81亿,9534万
2474,002787,华源包装,1.41亿,3520万
2475,002788,鹭燕医药,1.28亿,3205万
2476,002789,建艺集团,8120万,2030万
2477,002790,瑞尔特,1.60亿,4000万
2478,002791,坚朗五金,2.14亿,4436万
2479,002792,通宇通讯,2.25亿,4500万
2480,002793,东音股份,1.00亿,2500万
2481,002795,永和智控,1.00亿,2500万
2482,002796,世嘉科技,8000万,2000万
2483,002797,第一创业,21.9亿,2.19亿
2484,002798,帝王洁具,8638万,2160万
2485,002799,环球印务,1.00亿,2500万
2486,002800,天顺股份,7468万,1868万
2487,002801,微光股份,5888万,1472万
2488,002802,洪汇新材,1.08亿,2700万
2489,002803,吉宏股份,1.16亿,2900万
2490,002805,丰元股份,9691万,2423万
2491,002806,华锋股份,8000万,2000万
2492,002807,江阴银行,17.7亿,2.09亿
2493,002808,苏州恒久,1.20亿,3000万
2494,002809,红墙股份,8000万,2000万
2495,002810,山东赫达,9556万,2398万
2496,002811,亚泰国际,1.80亿,4500万
2497,002812,创新股份,1.34亿,3348万
2498,002813,路畅科技,9000万,0
2499,002815,崇达技术,3.60亿,0
2500,300001,特锐德,9.98亿,8.24亿
2501,300002,神州泰岳,19.6亿,11.0亿
2502,300003,乐普医疗,17.4亿,13.7亿
2503,300004,南风股份,5.09亿,3.83亿
2504,300005,探路者,5.94亿,3.49亿
2505,300006,莱美药业,8.12亿,5.63亿
2506,300007,汉威电子,2.93亿,2.24亿
2507,300008,天海防务,3.82亿,1.80亿
2508,300009,安科生物,5.48亿,3.23亿
2509,300010,立思辰,8.71亿,4.38亿
2510,300011,鼎汉技术,5.30亿,3.74亿
2511,300012,华测检测,7.66亿,6.78亿
2512,300013,新宁物流,2.98亿,1.79亿
2513,300014,亿纬锂能,4.27亿,4.10亿
2514,300015,爱尔眼科,10.1亿,7.87亿
2515,300016,北陆药业,3.26亿,2.54亿
2516,300017,网宿科技,7.99亿,5.12亿
2517,300018,中元股份,4.81亿,2.99亿
2518,300019,硅宝科技,3.31亿,2.17亿
2519,300020,银江股份,6.56亿,6.21亿
2520,300021,大禹节水,3.19亿,1.66亿
2521,300022,吉峰农机,3.80亿,3.20亿
2522,300023,宝德股份,3.16亿,1.31亿
2523,300024,机器人,15.6亿,13.9亿
2524,300025,华星创业,4.29亿,3.40亿
2525,300026,红日药业,10.0亿,7.10亿
2526,300027,华谊兄弟,27.9亿,18.9亿
2527,300028,金亚科技,3.44亿,3.44亿
2528,300029,天龙光电,2.00亿,1.93亿
2529,300030,阳普医疗,3.09亿,2.53亿
2530,300031,宝通科技,3.97亿,2.23亿
2531,300032,金龙机电,8.14亿,5.80亿
2532,300033,同花顺,5.38亿,2.64亿
2533,300034,钢研高纳,4.19亿,4.18亿
2534,300035,中科电气,2.34亿,1.86亿
2535,300036,超图软件,4.50亿,3.05亿
2536,300037,新宙邦,1.84亿,1.09亿
2537,300038,梅泰诺,1.90亿,1.22亿
2538,300039,上海凯宝,8.30亿,6.16亿
2539,300040,九洲电气,3.46亿,1.98亿
2540,300041,回天新材,4.01亿,2.54亿
2541,300042,朗科科技,1.34亿,1.05亿
2542,300043,星辉娱乐,12.4亿,7.89亿
2543,300044,赛为智能,3.35亿,2.34亿
2544,300045,华力创通,5.55亿,3.36亿
2545,300046,台基股份,1.42亿,1.37亿
2546,300047,天源迪科,3.58亿,2.62亿
2547,300048,合康变频,7.87亿,6.29亿
2548,300049,福瑞股份,2.63亿,2.26亿
2549,300050,世纪鼎利,4.99亿,3.28亿
2550,300051,三五互联,3.70亿,2.17亿
2551,300052,中青宝,2.61亿,2.60亿
2552,300053,欧比特,5.78亿,4.41亿
2553,300054,鼎龙股份,4.88亿,3.02亿
2554,300055,万邦达,8.65亿,6.39亿
2555,300056,三维丝,3.74亿,2.51亿
2556,300057,万顺股份,4.40亿,2.68亿
2557,300058,蓝色光标,20.0亿,14.2亿
2558,300059,东方财富,35.6亿,23.3亿
2559,300061,康耐特,2.50亿,1.44亿
2560,300062,中能电气,1.54亿,8267万
2561,300063,天龙集团,2.91亿,1.29亿
2562,300064,豫金刚石,6.78亿,6.06亿
2563,300065,海兰信,2.42亿,1.80亿
2564,300066,三川智慧,10.4亿,9.38亿
2565,300067,安诺其,5.43亿,3.47亿
2566,300068,南都电源,7.86亿,5.83亿
2567,300069,金利华电,1.17亿,8423万
2568,300070,碧水源,31.2亿,20.1亿
2569,300071,华谊嘉信,6.85亿,4.29亿
2570,300072,三聚环保,11.9亿,8.95亿
2571,300073,当升科技,1.83亿,1.63亿
2572,300074,华平股份,5.36亿,4.35亿
2573,300075,数字政通,3.92亿,2.67亿
2574,300076,GQY视讯,4.24亿,3.68亿
2575,300077,国民技术,5.64亿,5.38亿
2576,300078,思创医惠,4.19亿,2.53亿
2577,300079,数码视讯,13.8亿,12.1亿
2578,300080,易成新能,5.03亿,5.02亿
2579,300081,恒信移动,3.35亿,2.29亿
2580,300082,奥克股份,6.74亿,6.74亿
2581,300083,劲胜精密,14.2亿,9.11亿
2582,300084,海默科技,3.85亿,2.49亿
2583,300085,银之杰,6.84亿,3.28亿
2584,300086,康芝药业,4.50亿,4.38亿
2585,300087,荃银高科,3.20亿,2.65亿
2586,300088,长信科技,11.5亿,11.0亿
2587,300089,文化长城,4.35亿,2.49亿
2588,300090,盛运环保,13.2亿,7.87亿
2589,300091,金通灵,5.22亿,3.61亿
2590,300092,科新机电,2.38亿,1.61亿
2591,300093,金刚玻璃,2.16亿,2.15亿
2592,300094,国联水产,7.78亿,7.46亿
2593,300095,华伍股份,3.77亿,2.34亿
2594,300096,易联众,4.30亿,3.73亿
2595,300097,智云股份,1.49亿,8292万
2596,300098,高新兴,10.7亿,4.80亿
2597,300099,尤洛卡,5.36亿,3.57亿
2598,300100,双林股份,3.98亿,2.71亿
2599,300101,振芯科技,5.56亿,4.40亿
2600,300102,乾照光电,7.05亿,4.13亿
2601,300103,达刚路机,2.12亿,8439万
2602,300104,乐视网,19.8亿,12.6亿
2603,300105,龙源技术,5.13亿,5.13亿
2604,300106,西部牧业,2.11亿,2.10亿
2605,300107,建新股份,5.44亿,3.37亿
2606,300108,双龙股份,6.36亿,3.31亿
2607,300109,新开源,1.70亿,8391万
2608,300110,华仁药业,6.57亿,6.54亿
2609,300111,向日葵,11.2亿,11.2亿
2610,300112,万讯自控,2.67亿,1.35亿
2611,300113,顺网科技,6.86亿,4.09亿
2612,300114,中航电测,3.94亿,3.04亿
2613,300115,长盈精密,9.03亿,8.99亿
2614,300116,坚瑞消防,12.2亿,3.08亿
2615,300117,嘉寓股份,7.17亿,7.16亿
2616,300118,东方日升,6.75亿,4.61亿
2617,300119,瑞普生物,4.04亿,2.03亿
2618,300120,经纬电材,2.05亿,1.65亿
2619,300121,阳谷华泰,2.89亿,2.69亿
2620,300122,智飞生物,16.0亿,8.63亿
2621,300123,太阳鸟,3.02亿,2.74亿
2622,300124,汇川技术,16.1亿,12.7亿
2623,300125,易世达,1.18亿,8805万
2624,300126,锐奇股份,3.06亿,2.10亿
2625,300127,银河磁体,3.23亿,2.21亿
2626,300128,锦富新材,4.79亿,3.13亿
2627,300129,泰胜风能,7.32亿,4.50亿
2628,300130,新国都,2.35亿,1.53亿
2629,300131,英唐智控,10.7亿,6.28亿
2630,300132,青松股份,3.86亿,2.76亿
2631,300133,华策影视,17.5亿,11.5亿
2632,300134,大富科技,6.53亿,5.98亿
2633,300135,宝利国际,9.22亿,7.12亿
2634,300136,信维通信,9.57亿,6.88亿
2635,300137,先河环保,3.44亿,2.91亿
2636,300138,晨光生物,2.62亿,1.70亿
2637,300139,晓程科技,2.74亿,2.12亿
2638,300140,启源装备,2.44亿,2.42亿
2639,300141,和顺电气,1.67亿,1.09亿
2640,300142,沃森生物,14.0亿,10.9亿
2641,300143,星河生物,2.82亿,1.06亿
2642,300144,宋城演艺,14.5亿,11.0亿
2643,300145,中金环境,6.68亿,3.60亿
2644,300146,汤臣倍健,14.6亿,8.60亿
2645,300147,香雪制药,6.61亿,6.60亿
2646,300148,天舟文化,6.50亿,5.06亿
2647,300149,量子高科,4.22亿,4.21亿
2648,300150,世纪瑞尔,5.40亿,3.27亿
2649,300151,昌红科技,5.03亿,2.84亿
2650,300152,科融环境,7.13亿,7.13亿
2651,300153,科泰电源,3.20亿,3.20亿
2652,300154,瑞凌股份,4.47亿,3.14亿
2653,300155,安居宝,5.43亿,2.72亿
2654,300156,神雾环保,10.1亿,6.55亿
2655,300157,恒泰艾普,7.13亿,5.77亿
2656,300158,振东制药,5.20亿,2.86亿
2657,300159,新研股份,14.9亿,5.28亿
2658,300160,秀强股份,5.98亿,5.98亿
2659,300161,华中数控,1.62亿,1.56亿
2660,300162,雷曼股份,3.50亿,2.05亿
2661,300163,先锋新材,4.74亿,3.30亿
2662,300164,通源石油,4.33亿,3.08亿
2663,300165,天瑞仪器,4.62亿,2.95亿
2664,300166,东方国信,6.55亿,3.75亿
2665,300167,迪威视讯,3.00亿,3.00亿
2666,300168,万达信息,10.3亿,10.1亿
2667,300169,天晟新材,3.26亿,2.25亿
2668,300170,汉得信息,8.62亿,6.42亿
2669,300171,东富龙,6.35亿,3.33亿
2670,300172,中电环保,5.07亿,3.42亿
2671,300173,智慧松德,5.86亿,3.13亿
2672,300174,元力股份,1.36亿,7350万
2673,300175,朗源股份,4.71亿,4.62亿
2674,300176,鸿特精密,1.07亿,1.07亿
2675,300177,中海达,4.37亿,3.13亿
2676,300178,腾邦国际,5.55亿,5.27亿
2677,300179,四方达,4.78亿,3.25亿
2678,300180,华峰超纤,4.75亿,3.00亿
2679,300181,佐力药业,6.09亿,4.00亿
2680,300182,捷成股份,25.6亿,9.87亿
2681,300183,东软载波,4.53亿,2.54亿
2682,300184,力源信息,3.86亿,2.55亿
2683,300185,通裕重工,32.7亿,27.1亿
2684,300186,大华农,5.39亿,4.00亿
2685,300187,永清环保,6.48亿,5.93亿
2686,300188,美亚柏科,4.87亿,2.81亿
2687,300189,神农基因,10.2亿,8.82亿
2688,300190,维尔利,4.08亿,3.26亿
2689,300191,潜能恒信,3.20亿,2.07亿
2690,300192,科斯伍德,2.43亿,1.74亿
2691,300193,佳士科技,5.08亿,3.61亿
2692,300194,福安药业,3.48亿,1.59亿
2693,300195,长荣股份,3.37亿,1.72亿
2694,300196,长海股份,2.12亿,1.07亿
2695,300197,铁汉生态,10.1亿,5.26亿
2696,300198,纳川股份,4.69亿,3.44亿
2697,300199,翰宇药业,8.90亿,5.59亿
2698,300200,高盟新材,2.14亿,2.03亿
2699,300201,海伦哲,4.32亿,3.58亿
2700,300202,聚龙股份,5.50亿,4.29亿
2701,300203,聚光科技,4.53亿,4.47亿
2702,300204,舒泰神,4.76亿,4.63亿
2703,300205,天喻信息,4.30亿,4.26亿
2704,300206,理邦仪器,5.85亿,3.40亿
2705,300207,欣旺达,6.45亿,4.34亿
2706,300208,恒顺众N,7.67亿,6.00亿
2707,300209,天泽信息,2.92亿,2.11亿
2708,300210,森远股份,2.69亿,9941万
2709,300211,亿通科技,3.03亿,1.74亿
2710,300212,易华录,3.70亿,3.05亿
2711,300213,佳讯飞鸿,2.61亿,1.24亿
2712,300214,日科化学,4.05亿,2.95亿
2713,300215,电科院,7.58亿,5.24亿
2714,300216,千山药机,3.61亿,2.67亿
2715,300217,东方电热,12.7亿,8.70亿
2716,300218,安利股份,2.17亿,1.68亿
2717,300219,鸿利智汇,6.71亿,5.32亿
2718,300220,金运激光,1.26亿,5767万
2719,300221,银禧科技,4.02亿,4.00亿
2720,300222,科大智能,7.28亿,2.80亿
2721,300223,北京君正,1.66亿,9833万
2722,300224,正海磁材,5.06亿,4.85亿
2723,300225,金力泰,4.70亿,3.28亿
2724,300226,上海钢联,1.59亿,1.48亿
2725,300227,光韵达,1.39亿,1.01亿
2726,300228,富瑞特装,4.71亿,3.87亿
2727,300229,拓尔思,4.72亿,4.21亿
2728,300230,永利股份,2.52亿,1.06亿
2729,300231,银信科技,3.43亿,2.62亿
2730,300232,洲明科技,5.76亿,3.52亿
2731,300233,金城医药,2.53亿,2.29亿
2732,300234,开尔新材,2.90亿,1.41亿
2733,300235,方直科技,1.58亿,9495万
2734,300236,上海新阳,1.94亿,1.62亿
2735,300237,美晨科技,8.07亿,3.44亿
2736,300238,冠昊生物,2.66亿,1.88亿
2737,300239,东宝生物,4.61亿,3.79亿
2738,300240,飞力达,3.66亿,3.65亿
2739,300241,瑞丰光电,2.76亿,1.64亿
2740,300242,明家联合,3.19亿,1.31亿
2741,300243,瑞丰高材,2.06亿,1.33亿
2742,300244,迪安诊断,5.51亿,3.31亿
2743,300245,天玑科技,2.75亿,1.97亿
2744,300246,宝莱特,1.46亿,1.08亿
2745,300247,乐金健康,7.22亿,3.82亿
2746,300248,新开普,3.12亿,1.71亿
2747,300249,依米康,4.40亿,2.78亿
2748,300250,初灵信息,2.30亿,1.08亿
2749,300251,光线传媒,29.3亿,27.5亿
2750,300252,金信诺,4.09亿,2.66亿
2751,300253,卫宁健康,8.19亿,5.95亿
2752,300254,仟源医药,2.08亿,1.37亿
2753,300255,常山药业,9.35亿,5.95亿
2754,300256,星星科技,6.40亿,3.02亿
2755,300257,开山股份,8.58亿,8.19亿
2756,300258,精锻科技,4.05亿,3.75亿
2757,300259,新天科技,4.65亿,2.58亿
2758,300260,新莱应材,1.00亿,4989万
2759,300261,雅本化学,5.37亿,4.72亿
2760,300262,巴安水务,3.74亿,2.30亿
2761,300263,隆华节能,8.82亿,4.75亿
2762,300264,佳创视讯,4.13亿,3.19亿
2763,300265,通光线缆,3.38亿,3.37亿
2764,300266,兴源环境,5.09亿,4.02亿
2765,300267,尔康制药,20.6亿,11.4亿
2766,300268,万福生科,1.34亿,1.34亿
2767,300269,联建光电,6.14亿,2.59亿
2768,300270,中威电子,2.73亿,1.45亿
2769,300271,华宇软件,6.43亿,4.60亿
2770,300272,开能环保,3.32亿,2.02亿
2771,300273,和佳股份,7.88亿,5.59亿
2772,300274,阳光电源,14.1亿,8.34亿
2773,300275,梅安森,1.68亿,1.13亿
2774,300276,三丰智能,3.74亿,2.00亿
2775,300277,海联讯,3.35亿,3.34亿
2776,300278,华昌达,5.45亿,2.24亿
2777,300279,和晶科技,1.60亿,8280万
2778,300280,南通锻压,1.28亿,1.28亿
2779,300281,金明精机,2.43亿,1.42亿
2780,300282,汇冠股份,2.21亿,1.71亿
2781,300283,温州宏丰,4.14亿,2.03亿
2782,300284,苏交科,5.56亿,3.37亿
2783,300285,国瓷材料,2.99亿,2.06亿
2784,300286,安科瑞,1.43亿,8651万
2785,300287,飞利信,14.4亿,7.18亿
2786,300288,朗玛信息,3.38亿,1.70亿
2787,300289,利德曼,4.24亿,3.12亿
2788,300290,荣科科技,3.21亿,1.60亿
2789,300291,华录百纳,7.09亿,4.75亿
2790,300292,吴通控股,3.19亿,1.46亿
2791,300293,蓝英装备,2.70亿,2.68亿
2792,300294,博雅生物,2.67亿,1.38亿
2793,300295,三六五网,1.92亿,1.74亿
2794,300296,利亚德,8.14亿,4.00亿
2795,300297,蓝盾股份,11.8亿,6.45亿
2796,300298,三诺生物,3.38亿,2.51亿
2797,300299,富春通信,3.80亿,1.85亿
2798,300300,汉鼎宇佑,4.59亿,2.59亿
2799,300301,长方集团,7.90亿,4.04亿
2800,300302,同有科技,4.21亿,2.30亿
2801,300303,聚飞光电,6.88亿,4.05亿
2802,300304,云意电气,2.27亿,1.92亿
2803,300305,裕兴股份,2.91亿,1.51亿
2804,300306,远方光电,2.40亿,1.18亿
2805,300307,慈星股份,8.02亿,7.93亿
2806,300308,中际装备,2.16亿,2.15亿
2807,300309,吉艾科技,4.35亿,3.13亿
2808,300310,宜通世纪,4.44亿,2.17亿
2809,300311,任子行,4.48亿,2.01亿
2810,300312,邦讯技术,3.20亿,1.75亿
2811,300313,天山生物,1.97亿,1.82亿
2812,300314,戴维医疗,2.88亿,1.89亿
2813,300315,掌趣科技,27.7亿,18.1亿
2814,300316,晶盛机电,8.85亿,8.20亿
2815,300317,珈伟股份,4.77亿,1.68亿
2816,300318,博晖创新,8.21亿,3.83亿
2817,300319,麦捷科技,2.12亿,1.23亿
2818,300320,海达股份,2.93亿,2.37亿
2819,300321,同大股份,8880万,8188万
2820,300322,硕贝德,4.08亿,3.59亿
2821,300323,华灿光电,8.36亿,6.75亿
2822,300324,旋极信息,10.00亿,5.60亿
2823,300325,德威新材,10.2亿,7.94亿
2824,300326,凯利泰,3.98亿,3.24亿
2825,300327,中颖电子,1.91亿,1.87亿
2826,300328,宜安科技,4.03亿,4.03亿
2827,300329,海伦钢琴,2.51亿,2.41亿
2828,300330,华虹计通,1.69亿,1.68亿
2829,300331,苏大维格,1.86亿,1.30亿
2830,300332,天壕环境,7.74亿,6.33亿
2831,300333,兆日科技,3.36亿,3.31亿
2832,300334,津膜科技,2.76亿,2.60亿
2833,300335,迪森股份,3.62亿,2.05亿
2834,300336,新文化,5.38亿,4.47亿
2835,300337,银邦股份,8.22亿,7.08亿
2836,300338,开元仪器,2.52亿,1.68亿
2837,300339,润和软件,3.58亿,2.03亿
2838,300340,科恒股份,1.00亿,8184万
2839,300341,麦迪电气,5.10亿,3.69亿
2840,300342,天银机电,3.29亿,2.81亿
2841,300343,联创互联,5.90亿,2.34亿
2842,300344,太空板业,2.41亿,1.38亿
2843,300345,红宇新材,4.41亿,2.81亿
2844,300346,南大光电,1.61亿,1.27亿
2845,300347,泰格医药,4.71亿,2.95亿
2846,300348,长亮科技,2.92亿,1.42亿
2847,300349,金卡股份,1.80亿,1.49亿
2848,300350,华鹏飞,2.96亿,8046万
2849,300351,永贵电器,3.85亿,1.96亿
2850,300352,北信源,5.13亿,3.10亿
2851,300353,东土科技,5.17亿,2.00亿
2852,300354,东华测试,1.38亿,6657万
2853,300355,蒙草生态,10.0亿,5.44亿
2854,300356,光一科技,1.66亿,1.19亿
2855,300357,我武生物,1.62亿,7164万
2856,300358,楚天科技,4.46亿,1.38亿
2857,300359,全通教育,6.34亿,2.59亿
2858,300360,炬华科技,3.63亿,1.12亿
2859,300361,奥赛康,2.10亿,0
2860,300362,天翔环境,4.26亿,1.65亿
2861,300363,博腾股份,4.25亿,1.43亿
2862,300364,中文在线,2.84亿,1.33亿
2863,300365,恒华科技,1.76亿,6428万
2864,300366,创意信息,2.22亿,5384万
2865,300367,东方网力,8.06亿,3.83亿
2866,300368,汇金股份,5.44亿,1.61亿
2867,300369,绿盟科技,3.65亿,1.30亿
2868,300370,安控科技,5.79亿,2.58亿
2869,300371,汇中股份,1.20亿,3551万
2870,300372,欣泰电气,1.72亿,9799万
2871,300373,扬杰科技,4.72亿,1.29亿
2872,300374,恒通科技,1.95亿,1.10亿
2873,300375,鹏翎股份,1.86亿,7783万
2874,300376,易事特,5.76亿,1.25亿
2875,300377,赢时胜,2.97亿,1.49亿
2876,300378,鼎捷软件,2.63亿,1.45亿
2877,300379,东方通,1.38亿,6346万
2878,300380,安硕信息,1.37亿,4832万
2879,300381,溢多利,1.36亿,3044万
2880,300382,斯莱克,1.17亿,3168万
2881,300383,光环新网,7.23亿,3.52亿
2882,300384,三联虹普,1.49亿,4966万
2883,300385,雪浪环境,1.20亿,4791万
2884,300386,飞天诚信,4.18亿,1.56亿
2885,300387,富邦股份,1.25亿,4088万
2886,300388,国祯环保,3.04亿,1.45亿
2887,300389,艾比森,3.19亿,9251万
2888,300390,天华超净,3.45亿,1.20亿
2889,300391,康跃科技,1.67亿,6168万
2890,300392,腾信股份,3.84亿,1.61亿
2891,300393,中来股份,1.79亿,7691万
2892,300394,天孚通信,1.86亿,6801万
2893,300395,菲利华,1.97亿,1.40亿
2894,300396,迪瑞医疗,1.53亿,4650万
2895,300397,天和防务,2.40亿,1.03亿
2896,300398,飞凯材料,1.04亿,3600万
2897,300399,京天利,1.52亿,4436万
2898,300400,劲拓股份,1.20亿,5872万
2899,300401,花园生物,1.81亿,9617万
2900,300402,宝色股份,2.02亿,5855万
2901,300403,地尔汉宇,1.34亿,5882万
2902,300404,博济医药,1.33亿,6307万
2903,300405,科隆精化,6800万,3356万
2904,300406,九强生物,5.00亿,2.06亿
2905,300407,凯发电气,2.72亿,1.35亿
2906,300408,三环集团,17.3亿,9.79亿
2907,300409,道氏技术,2.15亿,8846万
2908,300410,正业科技,1.81亿,4875万
2909,300411,金盾股份,1.60亿,6066万
2910,300412,迦南科技,1.17亿,3861万
2911,300413,快乐购,4.01亿,1.99亿
2912,300414,中光防雷,1.69亿,6496万
2913,300415,伊之密,2.40亿,1.59亿
2914,300416,苏试试验,1.26亿,6092万
2915,300417,南华仪器,8160万,2758万
2916,300418,昆仑万维,11.3亿,4.13亿
2917,300419,浩丰科技,1.84亿,8162万
2918,300420,五洋科技,2.43亿,8778万
2919,300421,力星股份,1.12亿,4200万
2920,300422,博世科,1.27亿,6931万
2921,300423,鲁亿通,1.08亿,4432万
2922,300424,航新科技,1.33亿,6856万
2923,300425,环能科技,1.77亿,6832万
2924,300426,唐德影视,1.60亿,5210万
2925,300427,红相电力,2.84亿,8808万
2926,300428,四通新材,8080万,2080万
2927,300429,强力新材,8296万,3198万
2928,300430,诚益通,9728万,4132万
2929,300431,暴风集团,2.77亿,1.88亿
2930,300432,富临精工,3.60亿,1.45亿
2931,300433,蓝思科技,21.8亿,2.06亿
2932,300434,金石东方,1.36亿,3400万
2933,300435,中泰股份,2.45亿,8193万
2934,300436,广生堂,1.40亿,5600万
2935,300437,清水源,2.18亿,7918万
2936,300438,鹏辉能源,2.52亿,1.25亿
2937,300439,美康生物,3.48亿,8502万
2938,300440,运达科技,2.24亿,1.01亿
2939,300441,鲍斯股份,3.49亿,8385万
2940,300442,普丽盛,1.00亿,5717万
2941,300443,金雷风电,1.19亿,5570万
2942,300444,双杰电气,2.83亿,9725万
2943,300445,康斯特,1.63亿,4080万
2944,300446,乐凯新材,1.23亿,7528万
2945,300447,全信股份,1.62亿,5490万
2946,300448,浩云科技,2.02亿,6542万
2947,300449,汉邦高科,1.44亿,7192万
2948,300450,先导智能,4.08亿,1.69亿
2949,300451,创业软件,2.11亿,1.17亿
2950,300452,山河药辅,9280万,4043万
2951,300453,三鑫医疗,1.59亿,6541万
2952,300455,康拓红外,2.80亿,7450万
2953,300456,耐威科技,1.85亿,7099万
2954,300457,赢合科技,1.17亿,5309万
2955,300458,全志科技,1.62亿,7040万
2956,300459,金科娱乐,15.8亿,3.85亿
2957,300460,惠伦晶体,1.68亿,6876万
2958,300461,田中精机,6668万,2358万
2959,300462,华铭智能,1.38亿,5499万
2960,300463,迈克生物,5.58亿,2.75亿
2961,300464,星徽精密,2.11亿,8870万
2962,300465,高伟达,1.35亿,7991万
2963,300466,赛摩电气,2.97亿,6000万
2964,300467,迅游科技,1.67亿,9103万
2965,300468,四方精创,1.04亿,5658万
2966,300469,信息发展,6830万,2835万
2967,300470,日机密封,1.07亿,6079万
2968,300471,厚普股份,1.48亿,8694万
2969,300472,新元科技,1.00亿,3296万
2970,300473,德尔股份,1.00亿,4675万
2971,300474,景嘉微,1.34亿,3350万
2972,300475,聚隆科技,2.00亿,6125万
2973,300476,胜宏科技,3.74亿,1.84亿
2974,300477,合纵科技,2.80亿,1.20亿
2975,300478,杭州高新,6667万,2417万
2976,300479,神思电子,1.60亿,8710万
2977,300480,光力科技,1.85亿,6376万
2978,300481,濮阳惠成,1.60亿,7294万
2979,300482,万孚生物,1.76亿,1.06亿
2980,300483,沃施股份,6150万,3193万
2981,300484,蓝海华腾,1.04亿,2600万
2982,300485,赛升药业,2.40亿,6863万
2983,300486,东杰智能,1.41亿,8426万
2984,300487,蓝晓科技,8096万,3296万
2985,300488,恒锋工具,6251万,1251万
2986,300489,中飞股份,9075万,4339万
2987,300490,华自科技,2.00亿,5000万
2988,300491,通合科技,8000万,2000万
2989,300492,山鼎设计,8320万,2080万
2990,300493,润欣科技,1.20亿,3000万
2991,300494,盛天网络,2.40亿,6000万
2992,300495,美尚生态,2.04亿,5010万
2993,300496,中科创达,4.03亿,9772万
2994,300497,富祥股份,7469万,1800万
2995,300498,温氏股份,43.5亿,3.10亿
2996,300499,高澜股份,1.20亿,3001万
2997,300500,苏州设计,6150万,1500万
2998,300501,海顺新材,5338万,1338万
2999,300502,新易盛,7760万,1940万
3000,300503,昊志机电,1.00亿,2500万
3001,300505,川金诺,9336万,2335万
3002,300506,名家汇,3.00亿,7500万
3003,300507,苏奥传感,6667万,1667万
3004,300508,维宏股份,5682万,1182万
3005,300509,新美星,8000万,2000万
3006,300510,金冠电气,1.74亿,4360万
3007,300511,雪榕生物,1.50亿,3750万
3008,300512,中亚股份,2.70亿,6750万
3009,300513,恒泰实达,7616万,1906万
3010,300515,三德科技,1.00亿,2500万
3011,300516,久之洋,1.20亿,3000万
3012,300517,海波重科,1.02亿,2560万
3013,300518,盛讯达,9334万,2334万
3014,300519,新光药业,8000万,2000万
3015,300520,科大国创,9200万,2300万
3016,300521,爱司凯,8000万,2000万
3017,300522,世名科技,6667万,1667万
3018,300523,辰安科技,8000万,2000万
3019,300525,博思软件,6814万,1710万
3020,300526,中潜股份,8491万,2125万
3021,300527,华舟应急,4.63亿,1.16亿
3022,300528,幸福蓝海,3.11亿,7763万
3023,300529,健帆生物,4.12亿,4200万
3024,300530,达志科技,7000万,1750万
3025,300531,优博讯,8000万,2000万
3026,300532,今天国际,8400万,2100万
3027,300533,冰川网络,1.00亿,2500万
3028,300534,陇神戎发,8667万,2167万
3029,300535,达威股份,5974万,1494万
3030,300536,农尚环境,9311万,2328万
3031,300537,广信材料,1.00亿,2500万
3032,300538,同益股份,5600万,1400万
3033,300539,横河模具,9500万,2375万
3034,300540,深冷股份,8000万,2000万
3035,300541,先进数通,1.20亿,3000万
3036,300542,新晨科技,9015万,2255万
3037,300543,朗科智能,6000万,1500万
3038,300545,联得装备,7131万,1783万
3039,300546,雄帝科技,5334万,1334万
3040,300547,川环科技,4483万,0
3041,300548,博创科技,6200万,0
3042,300549,优德精密,5000万,0
